Product_Name,Price,Product_Link
ARGAN DE LUXE INFUSING MASK HAIR,185,https://www.royalelchim.app/search?q=ARGAN+DE+LUXE+INFUSING+MASK+HAIR
AVON CHERRY BLOSSORE,70,https://www.royalelchim.app/search?q=AVON+CHERRY+BLOSSORE
AVON FARAWAY GLAMOUR ROLL-ON,42,https://www.royalelchim.app/search?q=AVON+FARAWAY+GLAMOUR+ROLL-ON
AVON HAIR & BODY WASH SENSES 2IN1 FOR MEN,65,https://www.royalelchim.app/search?q=AVON+HAIR+&+BODY+WASH+SENSES+2IN1+FOR+MEN
AVON High Copy,95,https://www.royalelchim.app/search?q=AVON+High+Copy
AVON MAXIME HAIR & BODY WASH FOR HIM,70,https://www.royalelchim.app/search?q=AVON+MAXIME+HAIR+&+BODY+WASH+FOR+HIM
AVON MESMERIZE FOR HIM,160,https://www.royalelchim.app/search?q=AVON+MESMERIZE+FOR+HIM
Bio Soft Soap Aloe Vera,45,https://www.royalelchim.app/search?q=Bio+Soft+Soap+Aloe+Vera
Bio Soft Toner COCONUT,75,https://www.royalelchim.app/search?q=Bio+Soft+Toner+COCONUT
Bio Soft Toner Rose Water,75,https://www.royalelchim.app/search?q=Bio+Soft+Toner+Rose+Water
Bio Soft Toner VITAMIN C,75,https://www.royalelchim.app/search?q=Bio+Soft+Toner+VITAMIN+C
Bobana Lightenig Cream للوجه والجسم,50,https://www.royalelchim.app/search?q=Bobana+Lightenig+Cream+للوجه+والجسم
Bobana LIP BALM CHERRY,55,https://www.royalelchim.app/search?q=Bobana+LIP+BALM+CHERRY
Bobana LIP BALM KIWI,55,https://www.royalelchim.app/search?q=Bobana+LIP+BALM+KIWI
Bobana Spa Salt Lemon,25,https://www.royalelchim.app/search?q=Bobana+Spa+Salt+Lemon
Bobana Spa Salt بالزبادي,35,https://www.royalelchim.app/search?q=Bobana+Spa+Salt+بالزبادي
Bobana Spa Salt توت بري,35,https://www.royalelchim.app/search?q=Bobana+Spa+Salt+توت+بري
Bobana بلسم زيت الارجان 400مل,100,https://www.royalelchim.app/search?q=Bobana+بلسم+زيت+الارجان+400مل
Bobana بلسم زيت جوز الهند 400مل,100,https://www.royalelchim.app/search?q=Bobana+بلسم+زيت+جوز+الهند+400مل
Bobana شامبو زيت الارجان 400مل,110,https://www.royalelchim.app/search?q=Bobana+شامبو+زيت+الارجان+400مل
Bobana شامبو زيت جوز الهند 400مل,110,https://www.royalelchim.app/search?q=Bobana+شامبو+زيت+جوز+الهند+400مل
Bobana صابون بوبانا المغربي زيت الارجان,55,https://www.royalelchim.app/search?q=Bobana+صابون+بوبانا+المغربي+زيت+الارجان
Bobana صابون بوبانا المغربي زيت زيتزن,55,https://www.royalelchim.app/search?q=Bobana+صابون+بوبانا+المغربي+زيت+زيتزن
Bobana طمي مغربي زبدة الشيا,55,https://www.royalelchim.app/search?q=Bobana+طمي+مغربي+زبدة+الشيا
Bobana طمي مغربي طمى طبيعى,55,https://www.royalelchim.app/search?q=Bobana+طمي+مغربي+طمى+طبيعى
Bobana قناع ورقي بالرومان,30,https://www.royalelchim.app/search?q=Bobana+قناع+ورقي+بالرومان
Bobana قناع ورقي بالفحم,30,https://www.royalelchim.app/search?q=Bobana+قناع+ورقي+بالفحم
Bobana قناع ورقي بالكولاجين وفيتامين سي,30,https://www.royalelchim.app/search?q=Bobana+قناع+ورقي+بالكولاجين+وفيتامين+سي
Bobana كريم صنفره بالذهب 300جم,55,https://www.royalelchim.app/search?q=Bobana+كريم+صنفره+بالذهب+300جم
Bobana كريم صنفره بالعسل وكولاجين,55,https://www.royalelchim.app/search?q=Bobana+كريم+صنفره+بالعسل+وكولاجين
Bobana كريم صنفره بالفحم 300جم,55,https://www.royalelchim.app/search?q=Bobana+كريم+صنفره+بالفحم+300جم
Bobana كريم صنفره بالقهوه 300جم,55,https://www.royalelchim.app/search?q=Bobana+كريم+صنفره+بالقهوه+300جم
Bobana كريم صنفره بالمشمش 300جم,55,https://www.royalelchim.app/search?q=Bobana+كريم+صنفره+بالمشمش+300جم
Bobana ماسك حليب تفتيح وتنظيف 250جم,45,https://www.royalelchim.app/search?q=Bobana+ماسك+حليب+تفتيح+وتنظيف+250جم
Bobana ماسك حليب للتفتيح والترطيب 250جم,40,https://www.royalelchim.app/search?q=Bobana+ماسك+حليب+للتفتيح+والترطيب+250جم
Bobana ماسك شعر زيت الارجان 500مل,125,https://www.royalelchim.app/search?q=Bobana+ماسك+شعر+زيت+الارجان+500مل
Bobana ماسك قناع الفحم,55,https://www.royalelchim.app/search?q=Bobana+ماسك+قناع+الفحم
Bobana ماسك قناع بالهيالورونيك,55,https://www.royalelchim.app/search?q=Bobana+ماسك+قناع+بالهيالورونيك
Body Mist Kal Cheesecake,180,https://www.royalelchim.app/search?q=Body+Mist+Kal+Cheesecake
Body Mist Kal Midnight Stars,180,https://www.royalelchim.app/search?q=Body+Mist+Kal+Midnight+Stars
Body Mist Kal Paradise,180,https://www.royalelchim.app/search?q=Body+Mist+Kal+Paradise
Body Mist Kal Secret Oud,180,https://www.royalelchim.app/search?q=Body+Mist+Kal+Secret+Oud
Body Mist Kal Summer Rain,180,https://www.royalelchim.app/search?q=Body+Mist+Kal+Summer+Rain
Body Mist Kal Sweet Vanilla,180,https://www.royalelchim.app/search?q=Body+Mist+Kal+Sweet+Vanilla
Body Mist Morgan Glitter,145,https://www.royalelchim.app/search?q=Body+Mist+Morgan+Glitter
Body Mist Morgan Glitter ص,50,https://www.royalelchim.app/search?q=Body+Mist+Morgan+Glitter+ص
Body Mist SO SEXY,95,https://www.royalelchim.app/search?q=Body+Mist+SO+SEXY
Body Mist خمره,150,https://www.royalelchim.app/search?q=Body+Mist+خمره
Body Mist خمره علبه,160,https://www.royalelchim.app/search?q=Body+Mist+خمره+علبه
Bright جركن 2 لتر 2 L,65,https://www.royalelchim.app/search?q=Bright+جركن+2+لتر+2+L
Bright جركن 4 لتر برايت 4 L,100,https://www.royalelchim.app/search?q=Bright+جركن+4+لتر+برايت+4+L
Bright زجاجه 750 مللي 750 Ml,25,https://www.royalelchim.app/search?q=Bright+زجاجه+750+مللي+750+Ml
Bright صابةنه مشكل 100 جم,12,https://www.royalelchim.app/search?q=Bright+صابةنه+مشكل+100+جم
CLEAN & CLEAR غسول يومي لظيف 50 ML,28,https://www.royalelchim.app/search?q=CLEAN+&+CLEAR+غسول+يومي+لظيف+50+ML
Cleo Serum Hyaluronic Acid,150,https://www.royalelchim.app/search?q=Cleo+Serum+Hyaluronic+Acid
Cleo كريم لتفتيح محيط العين,135,https://www.royalelchim.app/search?q=Cleo+كريم+لتفتيح+محيط+العين
Cleo كريم مرطب للبشره الجافه والحساسه,135,https://www.royalelchim.app/search?q=Cleo+كريم+مرطب+للبشره+الجافه+والحساسه
CLEOPATRA 24K GOLD AMPUL,45,https://www.royalelchim.app/search?q=CLEOPATRA+24K+GOLD+AMPUL
CLEOPATRA GOLD COLLAGEN AMPUL,45,https://www.royalelchim.app/search?q=CLEOPATRA+GOLD+COLLAGEN+AMPUL
CLEOPATRA HYALURONIC ACID AMPUL,45,https://www.royalelchim.app/search?q=CLEOPATRA+HYALURONIC+ACID+AMPUL
CLEOPATRA MARINE COLLAGEN AMPUL,45,https://www.royalelchim.app/search?q=CLEOPATRA+MARINE+COLLAGEN+AMPUL
Coco Wax Body Oil,60,https://www.royalelchim.app/search?q=Coco+Wax+Body+Oil
Coco Wax Body Splash Amore,175,https://www.royalelchim.app/search?q=Coco+Wax+Body+Splash+Amore
Coco Wax Body Splash Berry Kiss,175,https://www.royalelchim.app/search?q=Coco+Wax+Body+Splash+Berry+Kiss
Coco Wax Body Splash Flower,190,https://www.royalelchim.app/search?q=Coco+Wax+Body+Splash+Flower
Coco Wax Body Splash Gravity,175,https://www.royalelchim.app/search?q=Coco+Wax+Body+Splash+Gravity
Coco Wax Body Splash Love Of Beauty,175,https://www.royalelchim.app/search?q=Coco+Wax+Body+Splash+Love+Of+Beauty
Coco Wax Body Splash Ocean,190,https://www.royalelchim.app/search?q=Coco+Wax+Body+Splash+Ocean
Coco Wax Body Splash Paradise,190,https://www.royalelchim.app/search?q=Coco+Wax+Body+Splash+Paradise
Coco Wax COCO WAX Green Apple كيس,53,https://www.royalelchim.app/search?q=Coco+Wax+COCO+WAX+Green+Apple+كيس
Coco Wax COCO WAX خلاصه التفاح,85,https://www.royalelchim.app/search?q=Coco+Wax+COCO+WAX+خلاصه+التفاح
Coco Wax COCO WAX عجينه,28,https://www.royalelchim.app/search?q=Coco+Wax+COCO+WAX+عجينه
Coco Wax Dead Sea Mud 200 Gm,53,https://www.royalelchim.app/search?q=Coco+Wax+Dead+Sea+Mud+200+Gm
Coco Wax Depilatory Heater,175,https://www.royalelchim.app/search?q=Coco+Wax+Depilatory+Heater
Coco Wax Green Apple 500 Gm,125,https://www.royalelchim.app/search?q=Coco+Wax+Green+Apple+500+Gm
Coco Wax Honey 200 Gm,53,https://www.royalelchim.app/search?q=Coco+Wax+Honey+200+Gm
Coco Wax Honey 500 Gm,125,https://www.royalelchim.app/search?q=Coco+Wax+Honey+500+Gm
Coco Wax Lavender 500 Gm,125,https://www.royalelchim.app/search?q=Coco+Wax+Lavender+500+Gm
Coco Wax Magic مناطق حساسه,38٫5,https://www.royalelchim.app/search?q=Coco+Wax+Magic+مناطق+حساسه
Coco Wax Wax Normal,55,https://www.royalelchim.app/search?q=Coco+Wax+Wax+Normal
Coco Wax Wax Sensetive,55,https://www.royalelchim.app/search?q=Coco+Wax+Wax+Sensetive
Coco Wax White Paste Cherry Blossom,28,https://www.royalelchim.app/search?q=Coco+Wax+White+Paste+Cherry+Blossom
Coco Wax White Paste Passion Fruit,28,https://www.royalelchim.app/search?q=Coco+Wax+White+Paste+Passion+Fruit
Coco Wax White Paste POMEGRANATE,28,https://www.royalelchim.app/search?q=Coco+Wax+White+Paste+POMEGRANATE
Coco Wax White Paste Valentine,28,https://www.royalelchim.app/search?q=Coco+Wax+White+Paste+Valentine
Coco Wax White Paste Vanilla Coconut,28,https://www.royalelchim.app/search?q=Coco+Wax+White+Paste+Vanilla+Coconut
Coco Wax مناديل شمع 100 القطعه,40,https://www.royalelchim.app/search?q=Coco+Wax+مناديل+شمع+100+القطعه
Coco Wax مناديل شمع 100 طبقه *القطعه,22,https://www.royalelchim.app/search?q=Coco+Wax+مناديل+شمع+100+طبقه+*القطعه
DENICE BODY WASH 2.2 KG MAGIC OF EARTH,115,https://www.royalelchim.app/search?q=DENICE+BODY+WASH+2.2+KG+MAGIC+OF+EARTH
DENICE BODY WASH 2.2 KG VELVET TOUCH,115,https://www.royalelchim.app/search?q=DENICE+BODY+WASH+2.2+KG+VELVET+TOUCH
DENICE BODY WASH 2.2 KGSECRET BLISS,115,https://www.royalelchim.app/search?q=DENICE+BODY+WASH+2.2+KGSECRET+BLISS
EMAJ EMAJ CREAM OLIVE OIL&VITAMIN E,45,https://www.royalelchim.app/search?q=EMAJ+EMAJ+CREAM+OLIVE+OIL&VITAMIN+E
EMAJ EMAJ GEL CREAM 2*1 شكل قديم,30,https://www.royalelchim.app/search?q=EMAJ+EMAJ+GEL+CREAM+2*1+شكل+قديم
EMAJ Hair Cream Royal Honey,20,https://www.royalelchim.app/search?q=EMAJ+Hair+Cream+Royal+Honey
EMAJ SKIN CREAM,22,https://www.royalelchim.app/search?q=EMAJ+SKIN+CREAM
EMAJ TROPICAL AFTER SUN LOTION,28,https://www.royalelchim.app/search?q=EMAJ+TROPICAL+AFTER+SUN+LOTION
EMAJ TROPICAL TANNING OIL SPF6,35,https://www.royalelchim.app/search?q=EMAJ+TROPICAL+TANNING+OIL+SPF6
EMAJ جيل بالصبار قوه ثلاثيه,30,https://www.royalelchim.app/search?q=EMAJ+جيل+بالصبار+قوه+ثلاثيه
EMAJ ماسك مشكل ك,55,https://www.royalelchim.app/search?q=EMAJ+ماسك+مشكل+ك
EMPER Chifon 50ML,225,https://www.royalelchim.app/search?q=EMPER+Chifon+50ML
EMPER CORAL REFRESHING PRIVE,210,https://www.royalelchim.app/search?q=EMPER+CORAL+REFRESHING+PRIVE
EMPER Espada Oud Intence 100 Ml Le Chameau,400,https://www.royalelchim.app/search?q=EMPER+Espada+Oud+Intence+100+Ml+Le+Chameau
EMPER Fasio,350,https://www.royalelchim.app/search?q=EMPER+Fasio
EMPER Lady President Pour Femme,55,https://www.royalelchim.app/search?q=EMPER+Lady+President+Pour+Femme
EMPER MISS SENO REFRESHING PRIVE,210,https://www.royalelchim.app/search?q=EMPER+MISS+SENO+REFRESHING+PRIVE
EMPER Prive BEST FOR YOU,185,https://www.royalelchim.app/search?q=EMPER+Prive+BEST+FOR+YOU
EMPER Prive Bright Rouge 555,185,https://www.royalelchim.app/search?q=EMPER+Prive+Bright+Rouge+555
EMPER Prive Crazy Girl,185,https://www.royalelchim.app/search?q=EMPER+Prive+Crazy+Girl
EMPER Prive Flower Bunch,185,https://www.royalelchim.app/search?q=EMPER+Prive+Flower+Bunch
EMPER Prive Great Event,185,https://www.royalelchim.app/search?q=EMPER+Prive+Great+Event
EMPER Prive Just Wow,185,https://www.royalelchim.app/search?q=EMPER+Prive+Just+Wow
EMPER Prive L`express,185,https://www.royalelchim.app/search?q=EMPER+Prive+L`express
EMPER Prive ONLY,185,https://www.royalelchim.app/search?q=EMPER+Prive+ONLY
EMPER Prive Secret Love,185,https://www.royalelchim.app/search?q=EMPER+Prive+Secret+Love
EMPER Prive She,185,https://www.royalelchim.app/search?q=EMPER+Prive+She
EMPER Prive Sovast,185,https://www.royalelchim.app/search?q=EMPER+Prive+Sovast
EMPER Prive True Flower,185,https://www.royalelchim.app/search?q=EMPER+Prive+True+Flower
EMPER Prive Victory,185,https://www.royalelchim.app/search?q=EMPER+Prive+Victory
EMPER RANGER,55,https://www.royalelchim.app/search?q=EMPER+RANGER
EMPER SENO EAU DE PARFUM 100ML PRIVE,275,https://www.royalelchim.app/search?q=EMPER+SENO+EAU+DE+PARFUM+100ML+PRIVE
EMPER TOOL BOX SILVER SPRAY,55,https://www.royalelchim.app/search?q=EMPER+TOOL+BOX+SILVER+SPRAY
ENERGY ARGAN OIL SERUM 60 ML,210,https://www.royalelchim.app/search?q=ENERGY+ARGAN+OIL+SERUM+60+ML
ENERGY COLLAGEN SERUM 100 ML,350,https://www.royalelchim.app/search?q=ENERGY+COLLAGEN+SERUM+100+ML
ENERGY KERATIN SERUM 100 ML,350,https://www.royalelchim.app/search?q=ENERGY+KERATIN+SERUM+100+ML
ENERGY SNAKE OIL 100 ML,330,https://www.royalelchim.app/search?q=ENERGY+SNAKE+OIL+100+ML
ENGY COSMETICS 2 In 1,25,https://www.royalelchim.app/search?q=ENGY+COSMETICS+2+In+1
ENGY COSMETICS COLLECTION 82WAY TO GO BEUTY,750,https://www.royalelchim.app/search?q=ENGY+COSMETICS+COLLECTION+82WAY+TO+GO+BEUTY
ENGY COSMETICS Cream Puff 3,20,https://www.royalelchim.app/search?q=ENGY+COSMETICS+Cream+Puff+3
ENGY COSMETICS EYE SHAOW PALETTE Cinematic Colors 60 Colors,370,https://www.royalelchim.app/search?q=ENGY+COSMETICS+EYE+SHAOW+PALETTE+Cinematic+Colors+60+Colors
ENGY COSMETICS EYE SHAOW PALETTE Fashion Of Colors 18,110,https://www.royalelchim.app/search?q=ENGY+COSMETICS+EYE+SHAOW+PALETTE+Fashion+Of+Colors+18
ENGY COSMETICS EYE SHAOW PALETTE Metalic&matte 78,290,https://www.royalelchim.app/search?q=ENGY+COSMETICS+EYE+SHAOW+PALETTE+Metalic&matte+78
ENGY COSMETICS FACIAL SCRUB APRICOT 225GM,15,https://www.royalelchim.app/search?q=ENGY+COSMETICS+FACIAL+SCRUB+APRICOT+225GM
ENGY COSMETICS FACIAL SCRUB POMEGRANATE 225GM,15,https://www.royalelchim.app/search?q=ENGY+COSMETICS+FACIAL+SCRUB+POMEGRANATE+225GM
ENGY COSMETICS Limitless Mascra,45,https://www.royalelchim.app/search?q=ENGY+COSMETICS+Limitless+Mascra
ENGY COSMETICS Lip Moisturizer,10,https://www.royalelchim.app/search?q=ENGY+COSMETICS+Lip+Moisturizer
ENGY COSMETICS Mascra extra Black Vokume,50,https://www.royalelchim.app/search?q=ENGY+COSMETICS+Mascra+extra+Black+Vokume
ENGY COSMETICS Mascra extra Vokume Black,45,https://www.royalelchim.app/search?q=ENGY+COSMETICS+Mascra+extra+Vokume+Black
ENGY COSMETICS اكلادور 5 مل,12,https://www.royalelchim.app/search?q=ENGY+COSMETICS+اكلادور+5+مل
ENGY COSMETICS اكلادور 15 مل,15,https://www.royalelchim.app/search?q=ENGY+COSMETICS+اكلادور+15+مل
ENGY COSMETICS علبه ميك اب غواصه ص,200,https://www.royalelchim.app/search?q=ENGY+COSMETICS+علبه+ميك+اب+غواصه+ص
ENGY COSMETICS علبه ميك اب قلب 3 دور,375,https://www.royalelchim.app/search?q=ENGY+COSMETICS+علبه+ميك+اب+قلب+3+دور
ENGY COSMETICS علبه ميك اب قلبين 4دور مروحه,500,https://www.royalelchim.app/search?q=ENGY+COSMETICS+علبه+ميك+اب+قلبين+4دور+مروحه
EVA COSEMTICS Body Lotion Passion,120,https://www.royalelchim.app/search?q=EVA+COSEMTICS+Body+Lotion+Passion
EVA COSEMTICS Body Lotion Tropical,120,https://www.royalelchim.app/search?q=EVA+COSEMTICS+Body+Lotion+Tropical
EVA COSEMTICS BODY SPLASH GOLD SPELL,200,https://www.royalelchim.app/search?q=EVA+COSEMTICS+BODY+SPLASH+GOLD+SPELL
EVA COSEMTICS BODY SPLASH IN THE CLOUD,200,https://www.royalelchim.app/search?q=EVA+COSEMTICS+BODY+SPLASH+IN+THE+CLOUD
EVA COSEMTICS BODY SPLASH LOVE TALE,200,https://www.royalelchim.app/search?q=EVA+COSEMTICS+BODY+SPLASH+LOVE+TALE
EVA COSEMTICS BODY SPLASH Summer Jwist,200,https://www.royalelchim.app/search?q=EVA+COSEMTICS+BODY+SPLASH+Summer+Jwist
EVA COSEMTICS Face Serum Hyalluronic,210,https://www.royalelchim.app/search?q=EVA+COSEMTICS+Face+Serum+Hyalluronic
EVA COSEMTICS Face Serum NIACINAMIDE,210,https://www.royalelchim.app/search?q=EVA+COSEMTICS+Face+Serum+NIACINAMIDE
EVA COSEMTICS SHEATMASK CHARCOAL,95,https://www.royalelchim.app/search?q=EVA+COSEMTICS+SHEATMASK+CHARCOAL
EVA COSEMTICS SPOTLESS FACE CREAM,20,https://www.royalelchim.app/search?q=EVA+COSEMTICS+SPOTLESS+FACE+CREAM
EVA COSEMTICS غسول بالعسل,65,https://www.royalelchim.app/search?q=EVA+COSEMTICS+غسول+بالعسل
EVA COSEMTICS غسول بروتينات اللبن,65,https://www.royalelchim.app/search?q=EVA+COSEMTICS+غسول+بروتينات+اللبن
EVA COSMETICS ANTI AGEING HYALURONIC ACID,220,https://www.royalelchim.app/search?q=EVA+COSMETICS+ANTI+AGEING+HYALURONIC+ACID
EVA COSMETICS COLLAGEN AGE 30,235,https://www.royalelchim.app/search?q=EVA+COSMETICS+COLLAGEN+AGE+30
EVA COSMETICS CURL CONDITIONER 230 ML,145,https://www.royalelchim.app/search?q=EVA+COSMETICS+CURL+CONDITIONER+230+ML
EVA COSMETICS GOLD ARGAN HEAT GUARD,185,https://www.royalelchim.app/search?q=EVA+COSMETICS+GOLD+ARGAN+HEAT+GUARD
EVA COSMETICS GOLD ARGAN SERUM 90 ML,220,https://www.royalelchim.app/search?q=EVA+COSMETICS+GOLD+ARGAN+SERUM+90+ML
EVA COSMETICS GOLD COLLAGEN ANTI WRINKLE,290,https://www.royalelchim.app/search?q=EVA+COSMETICS+GOLD+COLLAGEN+ANTI+WRINKLE
EVA COSMETICS GOLD COLLAGEN قناع الذهب 100ML,200,https://www.royalelchim.app/search?q=EVA+COSMETICS+GOLD+COLLAGEN+قناع+الذهب+100ML
EVA COSMETICS KERATIN OIL REPLACEMENT,100,https://www.royalelchim.app/search?q=EVA+COSMETICS+KERATIN+OIL+REPLACEMENT
EVA COSMETICS KERATIN UV PROTECTEVE,200,https://www.royalelchim.app/search?q=EVA+COSMETICS+KERATIN+UV+PROTECTEVE
EVA COSMETICS LIGHTENING ROLL ON POWDER SOFT,110,https://www.royalelchim.app/search?q=EVA+COSMETICS+LIGHTENING+ROLL+ON+POWDER+SOFT
EVA COSMETICS LIGHTENING ROLL ON VELVET TOUCH,110,https://www.royalelchim.app/search?q=EVA+COSMETICS+LIGHTENING+ROLL+ON+VELVET+TOUCH
EVA COSMETICS MANLOOK FOOTPOWDER ALOEVERA,30,https://www.royalelchim.app/search?q=EVA+COSMETICS+MANLOOK+FOOTPOWDER+ALOEVERA
EVA COSMETICS MANLOOK FOOTPOWDER MENTOL,30,https://www.royalelchim.app/search?q=EVA+COSMETICS+MANLOOK+FOOTPOWDER+MENTOL
EVA COSMETICS SMOKERS TOOTHPASTE E-CIGARETTES,50,https://www.royalelchim.app/search?q=EVA+COSMETICS+SMOKERS+TOOTHPASTE+E-CIGARETTES
EVA COSMETICS SMOKERS WITH CHARCOAL,50,https://www.royalelchim.app/search?q=EVA+COSMETICS+SMOKERS+WITH+CHARCOAL
EVA COSMETICS SMOKERS WITH CLOVE,50,https://www.royalelchim.app/search?q=EVA+COSMETICS+SMOKERS+WITH+CLOVE
EVA COSMETICS SMOKERS WITH FLUORINE,50,https://www.royalelchim.app/search?q=EVA+COSMETICS+SMOKERS+WITH+FLUORINE
EVA COSMETICS SMOKERS WITH MENTHOL,50,https://www.royalelchim.app/search?q=EVA+COSMETICS+SMOKERS+WITH+MENTHOL
EVA COSMETICS SMOKERS WITH MISWAK,48,https://www.royalelchim.app/search?q=EVA+COSMETICS+SMOKERS+WITH+MISWAK
Evay Perfumed Body Cream,35,https://www.royalelchim.app/search?q=Evay+Perfumed+Body+Cream
FASTER BLACK GARLIC WHITE,160,https://www.royalelchim.app/search?q=FASTER+BLACK+GARLIC+WHITE
FLUORO FLAVOR BLUEBERRY 50 GM,30,https://www.royalelchim.app/search?q=FLUORO+FLAVOR+BLUEBERRY+50+GM
FLUORO FLAVOR CHOCOLATE 50 GM,30,https://www.royalelchim.app/search?q=FLUORO+FLAVOR+CHOCOLATE+50+GM
FLUORO FLAVOR COLA 50 GM,30,https://www.royalelchim.app/search?q=FLUORO+FLAVOR+COLA+50+GM
FREEZE معطر ارضيات 250 مللي,12,https://www.royalelchim.app/search?q=FREEZE+معطر+ارضيات+250+مللي
GILLETTE MACH3 7,728,https://www.royalelchim.app/search?q=GILLETTE+MACH3+7
GLYSOLID BODY LOTION 200ML MUSK,70,https://www.royalelchim.app/search?q=GLYSOLID+BODY+LOTION+200ML+MUSK
HEAD & SHOULDERS MENTHOL REFRESH 200 ML,100,https://www.royalelchim.app/search?q=HEAD+&+SHOULDERS+MENTHOL+REFRESH+200+ML
Henkel PALETTE 1-0,70,https://www.royalelchim.app/search?q=Henkel+PALETTE+1-0
Herbsindia Rosemary & 7seeds 180 Ml,90,https://www.royalelchim.app/search?q=Herbsindia+Rosemary+&+7seeds+180+Ml
Hiet Fresh Focus 120 Citrus,27٫5,https://www.royalelchim.app/search?q=Hiet+Fresh+Focus+120+Citrus
Hiet Fresh Focus 120 Florry,27٫5,https://www.royalelchim.app/search?q=Hiet+Fresh+Focus+120+Florry
Hiet Fresh Focus 120 Kidy,27٫5,https://www.royalelchim.app/search?q=Hiet+Fresh+Focus+120+Kidy
Hiet Fresh Focus 72 Citrus,20,https://www.royalelchim.app/search?q=Hiet+Fresh+Focus+72+Citrus
Hiet Fresh Focus 72 Florry,20,https://www.royalelchim.app/search?q=Hiet+Fresh+Focus+72+Florry
Hiet Fresh Focus 72 Kidy,20,https://www.royalelchim.app/search?q=Hiet+Fresh+Focus+72+Kidy
Hiet Fresh Make Up Remover مشكل 25pcs,15,https://www.royalelchim.app/search?q=Hiet+Fresh+Make+Up+Remover+مشكل+25pcs
Jo Care اكلادور مربع,15,https://www.royalelchim.app/search?q=Jo+Care+اكلادور+مربع
Jo Care روج استيك,30,https://www.royalelchim.app/search?q=Jo+Care+روج+استيك
Johnson Clean & Clear غسول يومي 50 Ml,28,https://www.royalelchim.app/search?q=Johnson+Clean+&+Clear+غسول+يومي+50+Ml
Johnson OIL Gel,400,https://www.royalelchim.app/search?q=Johnson+OIL+Gel
JOHNSON'S جل غسول موازن للبشره,150,https://www.royalelchim.app/search?q=JOHNSON'S+جل+غسول+موازن+للبشره
Lens Freshkon Collors Fusion,70,https://www.royalelchim.app/search?q=Lens+Freshkon+Collors+Fusion
Lens I-LUX BROWN,65,https://www.royalelchim.app/search?q=Lens+I-LUX+BROWN
Leven Gel Cream Shea Butter,45,https://www.royalelchim.app/search?q=Leven+Gel+Cream+Shea+Butter
Leven Hair Life Coconut,35,https://www.royalelchim.app/search?q=Leven+Hair+Life+Coconut
Leven Hair Life Shea Butter,35,https://www.royalelchim.app/search?q=Leven+Hair+Life+Shea+Butter
Leven Serum Argan,130,https://www.royalelchim.app/search?q=Leven+Serum+Argan
Leven Serum Caffene,130,https://www.royalelchim.app/search?q=Leven+Serum+Caffene
Leven Shower Cream Shea Butter &vanilla,87,https://www.royalelchim.app/search?q=Leven+Shower+Cream+Shea+Butter+&vanilla
L'OREAL ELVIVE CONDITIONER EXTRAORDINARY,95,https://www.royalelchim.app/search?q=L'OREAL+ELVIVE+CONDITIONER+EXTRAORDINARY
L'OREAL ELVIVE CONDITIONER TOTAL REPAIR,95,https://www.royalelchim.app/search?q=L'OREAL+ELVIVE+CONDITIONER+TOTAL+REPAIR
L'OREAL ELVIVE SHAMPO TOTAL REPAIR,90,https://www.royalelchim.app/search?q=L'OREAL+ELVIVE+SHAMPO+TOTAL+REPAIR
L'OREAL HYALURON EXPERT SHINE CONTROL,350,https://www.royalelchim.app/search?q=L'OREAL+HYALURON+EXPERT+SHINE+CONTROL
L'OREAL بديل الزيت التالف,110,https://www.royalelchim.app/search?q=L'OREAL+بديل+الزيت+التالف
L'OREAL بديل الزيت عادي وجاف,110,https://www.royalelchim.app/search?q=L'OREAL+بديل+الزيت+عادي+وجاف
LUNA COSMETICS Body Splash COTTON FLOWERS,75,https://www.royalelchim.app/search?q=LUNA+COSMETICS+Body+Splash+COTTON+FLOWERS
LUNA COSMETICS Body Splash Lime Splash,75,https://www.royalelchim.app/search?q=LUNA+COSMETICS+Body+Splash+Lime+Splash
LUNA COSMETICS Body Splash Twist Berries,75,https://www.royalelchim.app/search?q=LUNA+COSMETICS+Body+Splash+Twist+Berries
LUNA COSMETICS Emolllient Shea Butter,40,https://www.royalelchim.app/search?q=LUNA+COSMETICS+Emolllient+Shea+Butter
LUNA COSMETICS Lip Moisture Coca Cola,15,https://www.royalelchim.app/search?q=LUNA+COSMETICS+Lip+Moisture+Coca+Cola
LUNA COSMETICS Lip Moisture Cocoa,15,https://www.royalelchim.app/search?q=LUNA+COSMETICS+Lip+Moisture+Cocoa
LUNA COSMETICS Lip Moisture Coconut Oil,15,https://www.royalelchim.app/search?q=LUNA+COSMETICS+Lip+Moisture+Coconut+Oil
LUNA COSMETICS Lip Moisture Peach,15,https://www.royalelchim.app/search?q=LUNA+COSMETICS+Lip+Moisture+Peach
LUNA COSMETICS Lip Moisture Rose,15,https://www.royalelchim.app/search?q=LUNA+COSMETICS+Lip+Moisture+Rose
LUNA COSMETICS Lip Moisture Strwberry,15,https://www.royalelchim.app/search?q=LUNA+COSMETICS+Lip+Moisture+Strwberry
LUNA COSMETICS عرض 4 قطع,120,https://www.royalelchim.app/search?q=LUNA+COSMETICS+عرض+4+قطع
M.M.PERFUM 50ML شذى MM 50 ML,40,https://www.royalelchim.app/search?q=M.M.PERFUM+50ML+شذى+MM+50+ML
M.M.PERFUM 100 ML عود خليجى,130,https://www.royalelchim.app/search?q=M.M.PERFUM+100+ML+عود+خليجى
M.M.PERFUM 100ML ESCADA COPY,70,https://www.royalelchim.app/search?q=M.M.PERFUM+100ML+ESCADA+COPY
M.M.PERFUM 100ML PURE XS LUXURY,85,https://www.royalelchim.app/search?q=M.M.PERFUM+100ML+PURE+XS+LUXURY
M.M.PERFUM 100ML SHALIS RIMY MARQULS COPY,50,https://www.royalelchim.app/search?q=M.M.PERFUM+100ML+SHALIS+RIMY+MARQULS+COPY
M.M.PERFUM 100ML SILVER SCENT LUXURY,85,https://www.royalelchim.app/search?q=M.M.PERFUM+100ML+SILVER+SCENT+LUXURY
M.M.PERFUM 100ML VIP 212 LUXURY,85,https://www.royalelchim.app/search?q=M.M.PERFUM+100ML+VIP+212+LUXURY
M.M.PERFUM 200 ML عود مبخر COSMO DESIGNS,50,https://www.royalelchim.app/search?q=M.M.PERFUM+200+ML+عود+مبخر+COSMO+DESIGNS
M.M.PERFUM CRAZY LOVE WOMAN 100 ML,65,https://www.royalelchim.app/search?q=M.M.PERFUM+CRAZY+LOVE+WOMAN+100+ML
M.M.PERFUM CRIZMA 100 ML COPY,80,https://www.royalelchim.app/search?q=M.M.PERFUM+CRIZMA+100+ML+COPY
M.M.PERFUM KALEMAT 100 ML COPY,80,https://www.royalelchim.app/search?q=M.M.PERFUM+KALEMAT+100+ML+COPY
M.M.PERFUM MOZHELA NICOLE 100ML COPY,80,https://www.royalelchim.app/search?q=M.M.PERFUM+MOZHELA+NICOLE+100ML+COPY
M.M.PERFUM SHALIS 100 ML COPY,80,https://www.royalelchim.app/search?q=M.M.PERFUM+SHALIS+100+ML+COPY
M.M.PERFUM SHAZA 100 ML COPY,80,https://www.royalelchim.app/search?q=M.M.PERFUM+SHAZA+100+ML+COPY
MAKE-UP 3COLOR BROWN MAKER M.N,70,https://www.royalelchim.app/search?q=MAKE-UP+3COLOR+BROWN+MAKER+M.N
MAKE-UP 3d Twin Marker,40,https://www.royalelchim.app/search?q=MAKE-UP+3d+Twin+Marker
MAKE-UP ARTIST LINER 4EVER,30,https://www.royalelchim.app/search?q=MAKE-UP+ARTIST+LINER+4EVER
MAKE-UP Baby Skin Primer Maybelline,35,https://www.royalelchim.app/search?q=MAKE-UP+Baby+Skin+Primer+Maybelline
MAKE-UP Bb Rose Blush C102,80,https://www.royalelchim.app/search?q=MAKE-UP+Bb+Rose+Blush+C102
MAKE-UP Bb Rose Conseler,75,https://www.royalelchim.app/search?q=MAKE-UP+Bb+Rose+Conseler
MAKE-UP Bb Rose Eye Shadow B001,120,https://www.royalelchim.app/search?q=MAKE-UP+Bb+Rose+Eye+Shadow+B001
MAKE-UP Bb Rose Eye Shadow Es 9002,150,https://www.royalelchim.app/search?q=MAKE-UP+Bb+Rose+Eye+Shadow+Es+9002
MAKE-UP BBROSE EYELINER Pencil 001,55,https://www.royalelchim.app/search?q=MAKE-UP+BBROSE+EYELINER+Pencil+001
MAKE-UP Bbrose Lipgloss,55,https://www.royalelchim.app/search?q=MAKE-UP+Bbrose+Lipgloss
MAKE-UP Bbrose Lipgloss Lg 818,65,https://www.royalelchim.app/search?q=MAKE-UP+Bbrose+Lipgloss+Lg+818
MAKE-UP Bbrose ليفتر Lg 9208,70,https://www.royalelchim.app/search?q=MAKE-UP+Bbrose+ليفتر+Lg+9208
MAKE-UP BEAUTY ACADEMY NAIL POLISH,20,https://www.royalelchim.app/search?q=MAKE-UP+BEAUTY+ACADEMY+NAIL+POLISH
MAKE-UP Blusher M.n,55,https://www.royalelchim.app/search?q=MAKE-UP+Blusher+M.n
MAKE-UP Blusher Sheglam,85,https://www.royalelchim.app/search?q=MAKE-UP+Blusher+Sheglam
MAKE-UP BLUSHER 3 COLOR,80,https://www.royalelchim.app/search?q=MAKE-UP+BLUSHER+3+COLOR
MAKE-UP BONJOUR,25,https://www.royalelchim.app/search?q=MAKE-UP+BONJOUR
MAKE-UP BONJOUR BLACK,25,https://www.royalelchim.app/search?q=MAKE-UP+BONJOUR+BLACK
MAKE-UP BONJOUR Blue,25,https://www.royalelchim.app/search?q=MAKE-UP+BONJOUR+Blue
MAKE-UP BONJOUR Brown,25,https://www.royalelchim.app/search?q=MAKE-UP+BONJOUR+Brown
MAKE-UP BONJOUR ابيض,25,https://www.royalelchim.app/search?q=MAKE-UP+BONJOUR+ابيض
MAKE-UP Brow-fection Ma934,75,https://www.royalelchim.app/search?q=MAKE-UP+Brow-fection+Ma934
MAKE-UP Care Up Lipstick,40,https://www.royalelchim.app/search?q=MAKE-UP+Care+Up+Lipstick
MAKE-UP Chacha Tint,65,https://www.royalelchim.app/search?q=MAKE-UP+Chacha+Tint
MAKE-UP COMPACT BLUSHER PRETTY WOMAN,50,https://www.royalelchim.app/search?q=MAKE-UP+COMPACT+BLUSHER+PRETTY+WOMAN
MAKE-UP COMPACT POWDER,75,https://www.royalelchim.app/search?q=MAKE-UP+COMPACT+POWDER
MAKE-UP COMPACT POWDER L`chear,150,https://www.royalelchim.app/search?q=MAKE-UP+COMPACT+POWDER+L`chear
MAKE-UP COMPACT POWDER ROSE GOLD,150,https://www.royalelchim.app/search?q=MAKE-UP+COMPACT+POWDER+ROSE+GOLD
MAKE-UP COMPACT POWDER S,65,https://www.royalelchim.app/search?q=MAKE-UP+COMPACT+POWDER+S
MAKE-UP CONCEALER ARTKIN,80,https://www.royalelchim.app/search?q=MAKE-UP+CONCEALER+ARTKIN
MAKE-UP CONCEALER GOLD BEAUTY,80,https://www.royalelchim.app/search?q=MAKE-UP+CONCEALER+GOLD+BEAUTY
MAKE-UP CONCEALER KISS BEAUTY,70,https://www.royalelchim.app/search?q=MAKE-UP+CONCEALER+KISS+BEAUTY
MAKE-UP CONCEALER L`OREAL,40,https://www.royalelchim.app/search?q=MAKE-UP+CONCEALER+L`OREAL
MAKE-UP CONCEALER M.n 2*1,65,https://www.royalelchim.app/search?q=MAKE-UP+CONCEALER+M.n+2*1
MAKE-UP Concealer M.n 2*1 805,65,https://www.royalelchim.app/search?q=MAKE-UP+Concealer+M.n+2*1+805
MAKE-UP CONCEALER M.n C807,60,https://www.royalelchim.app/search?q=MAKE-UP+CONCEALER+M.n+C807
MAKE-UP CONCEALER M.n HD 822,70,https://www.royalelchim.app/search?q=MAKE-UP+CONCEALER+M.n+HD+822
MAKE-UP CONCEALER TAILMEI NO 103,25,https://www.royalelchim.app/search?q=MAKE-UP+CONCEALER+TAILMEI+NO+103
MAKE-UP Contour Cream M.n,100,https://www.royalelchim.app/search?q=MAKE-UP+Contour+Cream+M.n
MAKE-UP DIAMOND BLUSHER,75,https://www.royalelchim.app/search?q=MAKE-UP+DIAMOND+BLUSHER
MAKE-UP DIAMOND contour,90,https://www.royalelchim.app/search?q=MAKE-UP+DIAMOND+contour
MAKE-UP Dip Liner Benefit,50,https://www.royalelchim.app/search?q=MAKE-UP+Dip+Liner+Benefit
MAKE-UP Dip Liner M.N,70,https://www.royalelchim.app/search?q=MAKE-UP+Dip+Liner+M.N
MAKE-UP Disaar,150,https://www.royalelchim.app/search?q=MAKE-UP+Disaar
MAKE-UP Double 2*1,65,https://www.royalelchim.app/search?q=MAKE-UP+Double+2*1
MAKE-UP Dynamic Eyeliner M.n,75,https://www.royalelchim.app/search?q=MAKE-UP+Dynamic+Eyeliner+M.n
MAKE-UP Dynamic M.n,75,https://www.royalelchim.app/search?q=MAKE-UP+Dynamic+M.n
MAKE-UP Eshadow 10 COLOR BRONZ,150,https://www.royalelchim.app/search?q=MAKE-UP+Eshadow+10+COLOR+BRONZ
MAKE-UP EVER BEAUTY 9*1,130,https://www.royalelchim.app/search?q=MAKE-UP+EVER+BEAUTY+9*1
MAKE-UP EVER BEAUTY BEIGE,85,https://www.royalelchim.app/search?q=MAKE-UP+EVER+BEAUTY+BEIGE
MAKE-UP EVER BEAUTY Boto Cell,120,https://www.royalelchim.app/search?q=MAKE-UP+EVER+BEAUTY+Boto+Cell
MAKE-UP EVER BEAUTY قلم تحديد عيون,40,https://www.royalelchim.app/search?q=MAKE-UP+EVER+BEAUTY+قلم+تحديد+عيون
MAKE-UP EVER BEAUTY Bb كريم اساس&برايمر,150,https://www.royalelchim.app/search?q=MAKE-UP+EVER+BEAUTY+Bb+كريم+اساس&برايمر
MAKE-UP EVER BEAUTY Bb كريم اساس&برايمر بشره حساسه,150,https://www.royalelchim.app/search?q=MAKE-UP+EVER+BEAUTY+Bb+كريم+اساس&برايمر+بشره+حساسه
MAKE-UP EYE BROW M.N,70,https://www.royalelchim.app/search?q=MAKE-UP+EYE+BROW+M.N
MAKE-UP Eye Liner Fit Coloer جلتير,50,https://www.royalelchim.app/search?q=MAKE-UP+Eye+Liner+Fit+Coloer+جلتير
MAKE-UP Eye Liner Flormar,35,https://www.royalelchim.app/search?q=MAKE-UP+Eye+Liner+Flormar
MAKE-UP Eye Liner Huda Beauty,60,https://www.royalelchim.app/search?q=MAKE-UP+Eye+Liner+Huda+Beauty
MAKE-UP Eye Liner Lchear,85,https://www.royalelchim.app/search?q=MAKE-UP+Eye+Liner+Lchear
MAKE-UP Eye Liner Maybelline,70,https://www.royalelchim.app/search?q=MAKE-UP+Eye+Liner+Maybelline
MAKE-UP Eye Liner Rose Berry,75,https://www.royalelchim.app/search?q=MAKE-UP+Eye+Liner+Rose+Berry
MAKE-UP Eye Liner Ulta Beuty,50,https://www.royalelchim.app/search?q=MAKE-UP+Eye+Liner+Ulta+Beuty
MAKE-UP Eye Liner الوان,65,https://www.royalelchim.app/search?q=MAKE-UP+Eye+Liner+الوان
MAKE-UP Eye Shadow M.n 38 Colors,350,https://www.royalelchim.app/search?q=MAKE-UP+Eye+Shadow+M.n+38+Colors
MAKE-UP Eye Shadow Ruby Rose,70,https://www.royalelchim.app/search?q=MAKE-UP+Eye+Shadow+Ruby+Rose
MAKE-UP Eye Shadow مصري,70,https://www.royalelchim.app/search?q=MAKE-UP+Eye+Shadow+مصري
MAKE-UP Eye Shadow 78 Color,370,https://www.royalelchim.app/search?q=MAKE-UP+Eye+Shadow+78+Color
MAKE-UP Eye Shadow 9 Color M.n,65,https://www.royalelchim.app/search?q=MAKE-UP+Eye+Shadow+9+Color+M.n
MAKE-UP EYE SHADOW NUDE,150,https://www.royalelchim.app/search?q=MAKE-UP+EYE+SHADOW+NUDE
MAKE-UP EYELINER GLAMOUR CURVING SUGAR,80,https://www.royalelchim.app/search?q=MAKE-UP+EYELINER+GLAMOUR+CURVING+SUGAR
MAKE-UP Eyeshadow M.N Menow Pallete,350,https://www.royalelchim.app/search?q=MAKE-UP+Eyeshadow+M.N+Menow+Pallete
MAKE-UP Falr's Gift,45,https://www.royalelchim.app/search?q=MAKE-UP+Falr's+Gift
MAKE-UP FARSALI NAIL POLISH,20,https://www.royalelchim.app/search?q=MAKE-UP+FARSALI+NAIL+POLISH
MAKE-UP Fit Me Maybelline,120,https://www.royalelchim.app/search?q=MAKE-UP+Fit+Me+Maybelline
MAKE-UP FOUNDATION 24h,130,https://www.royalelchim.app/search?q=MAKE-UP+FOUNDATION+24h
MAKE-UP FOUNDATION Ever Beauty COLLAGEN,170,https://www.royalelchim.app/search?q=MAKE-UP+FOUNDATION+Ever+Beauty+COLLAGEN
MAKE-UP FOUNDATION Gold Beauty,200,https://www.royalelchim.app/search?q=MAKE-UP+FOUNDATION+Gold+Beauty
MAKE-UP FOUNDATION L'chear Fit Me,190,https://www.royalelchim.app/search?q=MAKE-UP+FOUNDATION+L'chear+Fit+Me
MAKE-UP FOUNDATION M.n,160,https://www.royalelchim.app/search?q=MAKE-UP+FOUNDATION+M.n
MAKE-UP FOUNDATION Rose Gold,190,https://www.royalelchim.app/search?q=MAKE-UP+FOUNDATION+Rose+Gold
MAKE-UP FOUNDATION Rose Gold 323,120,https://www.royalelchim.app/search?q=MAKE-UP+FOUNDATION+Rose+Gold+323
MAKE-UP FOUNDATION Anastasia,110,https://www.royalelchim.app/search?q=MAKE-UP+FOUNDATION+Anastasia
MAKE-UP FOUNDATION Mac,160,https://www.royalelchim.app/search?q=MAKE-UP+FOUNDATION+Mac
MAKE-UP FOUNDATION Note,180,https://www.royalelchim.app/search?q=MAKE-UP+FOUNDATION+Note
MAKE-UP FOUNDATION SPRAY ROSE BERRY,350,https://www.royalelchim.app/search?q=MAKE-UP+FOUNDATION+SPRAY+ROSE+BERRY
MAKE-UP GEL MASCARA شفاف,45,https://www.royalelchim.app/search?q=MAKE-UP+GEL+MASCARA+شفاف
MAKE-UP GLITTER LIPS KARITE,55,https://www.royalelchim.app/search?q=MAKE-UP+GLITTER+LIPS+KARITE
MAKE-UP GOLD BEAUTY BLUSHER ك,30,https://www.royalelchim.app/search?q=MAKE-UP+GOLD+BEAUTY+BLUSHER+ك
MAKE-UP Golden Rose,55,https://www.royalelchim.app/search?q=MAKE-UP+Golden+Rose
MAKE-UP HIGH BEAM,35,https://www.royalelchim.app/search?q=MAKE-UP+HIGH+BEAM
MAKE-UP HIGH LIGHTER Gold Beauty,30,https://www.royalelchim.app/search?q=MAKE-UP+HIGH+LIGHTER+Gold+Beauty
MAKE-UP Highlighter Gold,55,https://www.royalelchim.app/search?q=MAKE-UP+Highlighter+Gold
MAKE-UP Highlighter Gold Beauty,35,https://www.royalelchim.app/search?q=MAKE-UP+Highlighter+Gold+Beauty
MAKE-UP Highlighter Rose Berry,100,https://www.royalelchim.app/search?q=MAKE-UP+Highlighter+Rose+Berry
MAKE-UP Highlighter Sheglam,85,https://www.royalelchim.app/search?q=MAKE-UP+Highlighter+Sheglam
MAKE-UP HUDABEAUTY 28 5D,220,https://www.royalelchim.app/search?q=MAKE-UP+HUDABEAUTY+28+5D
MAKE-UP LASH DUBLING M304 M.N,85,https://www.royalelchim.app/search?q=MAKE-UP+LASH+DUBLING+M304+M.N
MAKE-UP LIGHT POWDER STAND,65,https://www.royalelchim.app/search?q=MAKE-UP+LIGHT+POWDER+STAND
MAKE-UP Lip Gloss Bb Rose,65,https://www.royalelchim.app/search?q=MAKE-UP+Lip+Gloss+Bb+Rose
MAKE-UP Lip Gloss Gold Beauty,60,https://www.royalelchim.app/search?q=MAKE-UP+Lip+Gloss+Gold+Beauty
MAKE-UP Lip Gloss Imab Of Noble,30,https://www.royalelchim.app/search?q=MAKE-UP+Lip+Gloss+Imab+Of+Noble
MAKE-UP Lip Gloss Karite,65,https://www.royalelchim.app/search?q=MAKE-UP+Lip+Gloss+Karite
MAKE-UP Lip Gloss Ministar,45,https://www.royalelchim.app/search?q=MAKE-UP+Lip+Gloss+Ministar
MAKE-UP Lip Gloss ROMANTIC-0513,65,https://www.royalelchim.app/search?q=MAKE-UP+Lip+Gloss+ROMANTIC-0513
MAKE-UP Lip Gloss ROSE GOLD,65,https://www.royalelchim.app/search?q=MAKE-UP+Lip+Gloss+ROSE+GOLD
MAKE-UP Lip Gloss ROSE GOLD PLUMP,65,https://www.royalelchim.app/search?q=MAKE-UP+Lip+Gloss+ROSE+GOLD+PLUMP
MAKE-UP Lip Gloss ROSE GOLD RG-1144,65,https://www.royalelchim.app/search?q=MAKE-UP+Lip+Gloss+ROSE+GOLD+RG-1144
MAKE-UP Lip Gloss Sheclam,45,https://www.royalelchim.app/search?q=MAKE-UP+Lip+Gloss+Sheclam
MAKE-UP Lip Gloss Tl&g,60,https://www.royalelchim.app/search?q=MAKE-UP+Lip+Gloss+Tl&g
MAKE-UP Lip Gloss 24h Maybelline,35,https://www.royalelchim.app/search?q=MAKE-UP+Lip+Gloss+24h+Maybelline
MAKE-UP Lip Gloss رومانتك بيرد,50,https://www.royalelchim.app/search?q=MAKE-UP+Lip+Gloss+رومانتك+بيرد
MAKE-UP Lip Gloss شفاف,40,https://www.royalelchim.app/search?q=MAKE-UP+Lip+Gloss+شفاف
MAKE-UP LIP LINER,35,https://www.royalelchim.app/search?q=MAKE-UP+LIP+LINER
MAKE-UP LIP LINER Mily,35,https://www.royalelchim.app/search?q=MAKE-UP+LIP+LINER+Mily
MAKE-UP Lip Liner M.n 116,20,https://www.royalelchim.app/search?q=MAKE-UP+Lip+Liner+M.n+116
MAKE-UP Lip Liner M.n 168,30,https://www.royalelchim.app/search?q=MAKE-UP+Lip+Liner+M.n+168
MAKE-UP LIP STICK رومانتيك بيرد,45,https://www.royalelchim.app/search?q=MAKE-UP+LIP+STICK+رومانتيك+بيرد
MAKE-UP LIP STICK رومانتيك بيرد r4670,45,https://www.royalelchim.app/search?q=MAKE-UP+LIP+STICK+رومانتيك+بيرد+r4670
MAKE-UP LIP STICK رومانتيك بيرد R4686,45,https://www.royalelchim.app/search?q=MAKE-UP+LIP+STICK+رومانتيك+بيرد+R4686
MAKE-UP Lip Therapy,25,https://www.royalelchim.app/search?q=MAKE-UP+Lip+Therapy
MAKE-UP Lipglos Kiki,40,https://www.royalelchim.app/search?q=MAKE-UP+Lipglos+Kiki
MAKE-UP Lipstick 24h Huxia Beauty,20,https://www.royalelchim.app/search?q=MAKE-UP+Lipstick+24h+Huxia+Beauty
MAKE-UP LOSSE POWDER Max Factorx,90,https://www.royalelchim.app/search?q=MAKE-UP+LOSSE+POWDER+Max+Factorx
MAKE-UP LOSSE POWDER NARS,70,https://www.royalelchim.app/search?q=MAKE-UP+LOSSE+POWDER+NARS
MAKE-UP LOSSE POWDER Sheglam,60,https://www.royalelchim.app/search?q=MAKE-UP+LOSSE+POWDER+Sheglam
MAKE-UP M.N 323 مسكره,95,https://www.royalelchim.app/search?q=MAKE-UP+M.N+323+مسكره
MAKE-UP M.n Eyebrow E4129,80,https://www.royalelchim.app/search?q=MAKE-UP+M.n+Eyebrow+E4129
MAKE-UP M.N FOUNDATION,150,https://www.royalelchim.app/search?q=MAKE-UP+M.N+FOUNDATION
MAKE-UP M.N FOUNDATION 6118,125,https://www.royalelchim.app/search?q=MAKE-UP+M.N+FOUNDATION+6118
MAKE-UP M.N FOUNDATION B.B,160,https://www.royalelchim.app/search?q=MAKE-UP+M.N+FOUNDATION+B.B
MAKE-UP M.N FOUNDATION Bb,130,https://www.royalelchim.app/search?q=MAKE-UP+M.N+FOUNDATION+Bb
MAKE-UP M.N FOUNDATION BLEMISH,140,https://www.royalelchim.app/search?q=MAKE-UP+M.N+FOUNDATION+BLEMISH
MAKE-UP M.N LIPSTICK L568,45,https://www.royalelchim.app/search?q=MAKE-UP+M.N+LIPSTICK+L568
MAKE-UP M.N M16001 مسكره,85,https://www.royalelchim.app/search?q=MAKE-UP+M.N+M16001+مسكره
MAKE-UP M.N MASCRARA M356,90,https://www.royalelchim.app/search?q=MAKE-UP+M.N+MASCRARA+M356
MAKE-UP M.N MASCRARA PERFECT,60,https://www.royalelchim.app/search?q=MAKE-UP+M.N+MASCRARA+PERFECT
MAKE-UP M.n Silky Primer,100,https://www.royalelchim.app/search?q=MAKE-UP+M.n+Silky+Primer
MAKE-UP M302 LASH DOUBLING MN,90,https://www.royalelchim.app/search?q=MAKE-UP+M302+LASH+DOUBLING+MN
MAKE-UP MACC برايمر + مثبت مكياج,150,https://www.royalelchim.app/search?q=MAKE-UP+MACC+برايمر+++مثبت+مكياج
MAKE-UP MAGIC LIPBALM,20,https://www.royalelchim.app/search?q=MAKE-UP+MAGIC+LIPBALM
MAKE-UP MAGIC LIPGLOSS,60,https://www.royalelchim.app/search?q=MAKE-UP+MAGIC+LIPGLOSS
MAKE-UP MAGIC LIPGLOSS ROSE GOLD,60,https://www.royalelchim.app/search?q=MAKE-UP+MAGIC+LIPGLOSS+ROSE+GOLD
MAKE-UP MAGIC LIPGLOSS Sheglam,35,https://www.royalelchim.app/search?q=MAKE-UP+MAGIC+LIPGLOSS+Sheglam
MAKE-UP MASCARA MAYBELLINE SKY,90,https://www.royalelchim.app/search?q=MAKE-UP+MASCARA+MAYBELLINE+SKY
MAKE-UP MASCARA PRETTY WOMAN 024,90,https://www.royalelchim.app/search?q=MAKE-UP+MASCARA+PRETTY+WOMAN+024
MAKE-UP MASCARA PRETTY WOMAN غزاله,80,https://www.royalelchim.app/search?q=MAKE-UP+MASCARA+PRETTY+WOMAN+غزاله
MAKE-UP MASCARA Rose Berry Black,90,https://www.royalelchim.app/search?q=MAKE-UP+MASCARA+Rose+Berry+Black
MAKE-UP MASCARA Rose Berry Blue,150,https://www.royalelchim.app/search?q=MAKE-UP+MASCARA+Rose+Berry+Blue
MAKE-UP MASCARA Rose Berry High Up,100,https://www.royalelchim.app/search?q=MAKE-UP+MASCARA+Rose+Berry+High+Up
MAKE-UP MASCARA RUBY ROSE,80,https://www.royalelchim.app/search?q=MAKE-UP+MASCARA+RUBY+ROSE
MAKE-UP MASCARA SNOW BRITH 5*1,65,https://www.royalelchim.app/search?q=MAKE-UP+MASCARA+SNOW+BRITH+5*1
MAKE-UP MASCARA SNOW BRITH SPIDER LASH,65,https://www.royalelchim.app/search?q=MAKE-UP+MASCARA+SNOW+BRITH+SPIDER+LASH
MAKE-UP MASCARA ESSENCE DEFINITION,70,https://www.royalelchim.app/search?q=MAKE-UP+MASCARA+ESSENCE+DEFINITION
MAKE-UP MASCARA ESSENCE I LOVE EXTERE ME,85,https://www.royalelchim.app/search?q=MAKE-UP+MASCARA+ESSENCE+I+LOVE+EXTERE+ME
MAKE-UP MASCARA KARITE,75,https://www.royalelchim.app/search?q=MAKE-UP+MASCARA+KARITE
MAKE-UP MASCARA KARITE MODEL 5686047,65,https://www.royalelchim.app/search?q=MAKE-UP+MASCARA+KARITE+MODEL+5686047
MAKE-UP MASCARA KIKO,90,https://www.royalelchim.app/search?q=MAKE-UP+MASCARA+KIKO
MAKE-UP MASCARA KIKO MAXI MOD,90,https://www.royalelchim.app/search?q=MAKE-UP+MASCARA+KIKO+MAXI+MOD
MAKE-UP MASCARA KISS BEAUTY MODEL 5672603,65,https://www.royalelchim.app/search?q=MAKE-UP+MASCARA+KISS+BEAUTY+MODEL+5672603
MAKE-UP MASCARA KISS BEAUTY MODEL 5692303,70,https://www.royalelchim.app/search?q=MAKE-UP+MASCARA+KISS+BEAUTY+MODEL+5692303
MAKE-UP MASCARA LADY MODEL ZM001,50,https://www.royalelchim.app/search?q=MAKE-UP+MASCARA+LADY+MODEL+ZM001
MAKE-UP MASCARA LADY MODEL ZM002,50,https://www.royalelchim.app/search?q=MAKE-UP+MASCARA+LADY+MODEL+ZM002
MAKE-UP MASCARA LAREENL A208,65,https://www.royalelchim.app/search?q=MAKE-UP+MASCARA+LAREENL+A208
MAKE-UP MASCARA M.N 308,100,https://www.royalelchim.app/search?q=MAKE-UP+MASCARA+M.N+308
MAKE-UP MASCARA M.N 342m,90,https://www.royalelchim.app/search?q=MAKE-UP+MASCARA+M.N+342m
MAKE-UP MASCARA M.N 343m,90,https://www.royalelchim.app/search?q=MAKE-UP+MASCARA+M.N+343m
MAKE-UP MASCARA M.N 4001,85,https://www.royalelchim.app/search?q=MAKE-UP+MASCARA+M.N+4001
MAKE-UP MASCARA M.N LONG THICH,80,https://www.royalelchim.app/search?q=MAKE-UP+MASCARA+M.N+LONG+THICH
MAKE-UP MASCARA M.N M 345,90,https://www.royalelchim.app/search?q=MAKE-UP+MASCARA+M.N+M+345
MAKE-UP MASCARA M.N M 361,90,https://www.royalelchim.app/search?q=MAKE-UP+MASCARA+M.N+M+361
MAKE-UP MASCARA M.N M339,85,https://www.royalelchim.app/search?q=MAKE-UP+MASCARA+M.N+M339
MAKE-UP MASCARA M.N M363 خنجر,80,https://www.royalelchim.app/search?q=MAKE-UP+MASCARA+M.N+M363+خنجر
MAKE-UP MASCARA TL&G,70,https://www.royalelchim.app/search?q=MAKE-UP+MASCARA+TL&G
MAKE-UP MASCARA حواجب,75,https://www.royalelchim.app/search?q=MAKE-UP+MASCARA+حواجب
MAKE-UP MASCARA حواجب MAYBELLINE,70,https://www.royalelchim.app/search?q=MAKE-UP+MASCARA+حواجب+MAYBELLINE
MAKE-UP MATIC LIPSTIC PENCIL M.N,25,https://www.royalelchim.app/search?q=MAKE-UP+MATIC+LIPSTIC+PENCIL+M.N
MAKE-UP Matic Lipstick M.n,30,https://www.royalelchim.app/search?q=MAKE-UP+Matic+Lipstick+M.n
MAKE-UP Matte Countour Mn,60,https://www.royalelchim.app/search?q=MAKE-UP+Matte+Countour+Mn
MAKE-UP Matte Lipgloss Ross Berry,65,https://www.royalelchim.app/search?q=MAKE-UP+Matte+Lipgloss+Ross+Berry
MAKE-UP MATTE LIPSTICK Mac,50,https://www.royalelchim.app/search?q=MAKE-UP+MATTE+LIPSTICK+Mac
MAKE-UP MATTE LIPSTICK Qoiden Rose,35,https://www.royalelchim.app/search?q=MAKE-UP+MATTE+LIPSTICK+Qoiden+Rose
MAKE-UP MATTE LIPSTICK ULTRA BREETY WOMAN,25,https://www.royalelchim.app/search?q=MAKE-UP+MATTE+LIPSTICK+ULTRA+BREETY+WOMAN
MAKE-UP MAYBELLINE كحل كيس,85,https://www.royalelchim.app/search?q=MAKE-UP+MAYBELLINE+كحل+كيس
MAKE-UP MIA BELLA NAIL POLISH,15,https://www.royalelchim.app/search?q=MAKE-UP+MIA+BELLA+NAIL+POLISH
MAKE-UP MISS REEM 16 EYSHADOW,32,https://www.royalelchim.app/search?q=MAKE-UP+MISS+REEM+16+EYSHADOW
MAKE-UP MN PRO ماسكره MN,80,https://www.royalelchim.app/search?q=MAKE-UP+MN+PRO+ماسكره+MN
MAKE-UP MOISTURIZING LIP COLOUR BALM TAILAMEI,30,https://www.royalelchim.app/search?q=MAKE-UP+MOISTURIZING+LIP+COLOUR+BALM+TAILAMEI
MAKE-UP NAIL POLISH REMOVER مناديل اسيتون,30,https://www.royalelchim.app/search?q=MAKE-UP+NAIL+POLISH+REMOVER+مناديل+اسيتون
MAKE-UP PINKY NAIL REMOVER,20,https://www.royalelchim.app/search?q=MAKE-UP+PINKY+NAIL+REMOVER
MAKE-UP POWDER EVER BEUTY,100,https://www.royalelchim.app/search?q=MAKE-UP+POWDER+EVER+BEUTY
MAKE-UP PRESSED PIGMENT PALETTE STUDIO EVER BEAUTY,250,https://www.royalelchim.app/search?q=MAKE-UP+PRESSED+PIGMENT+PALETTE+STUDIO+EVER+BEAUTY
MAKE-UP Pretty Woman Mascara,45,https://www.royalelchim.app/search?q=MAKE-UP+Pretty+Woman+Mascara
MAKE-UP Primer Good Grip Last Look 6001,185,https://www.royalelchim.app/search?q=MAKE-UP+Primer+Good+Grip+Last+Look+6001
MAKE-UP ROSE BERRY SKINFINITE,200,https://www.royalelchim.app/search?q=MAKE-UP+ROSE+BERRY+SKINFINITE
MAKE-UP ROSE BERRY كحل,70,https://www.royalelchim.app/search?q=MAKE-UP+ROSE+BERRY+كحل
MAKE-UP Rose Gold Shiny Lip Gloss Rg 705,65,https://www.royalelchim.app/search?q=MAKE-UP+Rose+Gold+Shiny+Lip+Gloss+Rg+705
MAKE-UP ROSE GOLD LIPSTICK,50,https://www.royalelchim.app/search?q=MAKE-UP+ROSE+GOLD+LIPSTICK
MAKE-UP RUBY ROSE EYESHADOW,120,https://www.royalelchim.app/search?q=MAKE-UP+RUBY+ROSE+EYESHADOW
MAKE-UP RUBY ROSE EYESHADOW+blusher,300,https://www.royalelchim.app/search?q=MAKE-UP+RUBY+ROSE+EYESHADOW+blusher
MAKE-UP SHEGLAM BLUSHER 8125,50,https://www.royalelchim.app/search?q=MAKE-UP+SHEGLAM+BLUSHER+8125
MAKE-UP Shining Eyeliner,50,https://www.royalelchim.app/search?q=MAKE-UP+Shining+Eyeliner
MAKE-UP Shiny Lip Balm Lastlook 7011,75,https://www.royalelchim.app/search?q=MAKE-UP+Shiny+Lip+Balm+Lastlook+7011
MAKE-UP SPOT FESSIONAL TAILAIMEI,40,https://www.royalelchim.app/search?q=MAKE-UP+SPOT+FESSIONAL+TAILAIMEI
MAKE-UP Sugar Lipgloss Csy1021,50,https://www.royalelchim.app/search?q=MAKE-UP+Sugar+Lipgloss+Csy1021
MAKE-UP Sugar Lipsick 001,45,https://www.royalelchim.app/search?q=MAKE-UP+Sugar+Lipsick+001
MAKE-UP Sunisa Foundation,200,https://www.royalelchim.app/search?q=MAKE-UP+Sunisa+Foundation
MAKE-UP SWEET KISS MATTE LIPGLOSS,25,https://www.royalelchim.app/search?q=MAKE-UP+SWEET+KISS+MATTE+LIPGLOSS
MAKE-UP Tanako,30,https://www.royalelchim.app/search?q=MAKE-UP+Tanako
MAKE-UP Tint Kiko,45,https://www.royalelchim.app/search?q=MAKE-UP+Tint+Kiko
MAKE-UP Tint Sheglam,35,https://www.royalelchim.app/search?q=MAKE-UP+Tint+Sheglam
MAKE-UP WET EVER EXPRESS WATER PROOF BLACK,85,https://www.royalelchim.app/search?q=MAKE-UP+WET+EVER+EXPRESS+WATER+PROOF+BLACK
MAKE-UP Wet Ever Lipgloss ليفتر,65,https://www.royalelchim.app/search?q=MAKE-UP+Wet+Ever+Lipgloss+ليفتر
MAKE-UP احمر خد ارت سكن,70,https://www.royalelchim.app/search?q=MAKE-UP+احمر+خد+ارت+سكن
MAKE-UP احمر خد مصري,25,https://www.royalelchim.app/search?q=MAKE-UP+احمر+خد+مصري
MAKE-UP اظافر فاشونيستا 12 ق,20,https://www.royalelchim.app/search?q=MAKE-UP+اظافر+فاشونيستا+12+ق
MAKE-UP اقلام فلومار الوان,25,https://www.royalelchim.app/search?q=MAKE-UP+اقلام+فلومار+الوان
MAKE-UP اكلادور Care,25,https://www.royalelchim.app/search?q=MAKE-UP+اكلادور+Care
MAKE-UP اكلادور Care Mini,10,https://www.royalelchim.app/search?q=MAKE-UP+اكلادور+Care+Mini
MAKE-UP اكلادور Coco,15,https://www.royalelchim.app/search?q=MAKE-UP+اكلادور+Coco
MAKE-UP اكلادور DESNY,15,https://www.royalelchim.app/search?q=MAKE-UP+اكلادور+DESNY
MAKE-UP اكلادور Karla,20,https://www.royalelchim.app/search?q=MAKE-UP+اكلادور+Karla
MAKE-UP اكلادور Medeso,20,https://www.royalelchim.app/search?q=MAKE-UP+اكلادور+Medeso
MAKE-UP اكلادور MODELS OWN,25,https://www.royalelchim.app/search?q=MAKE-UP+اكلادور+MODELS+OWN
MAKE-UP اكلادور NERS PRO CLASSIC,35,https://www.royalelchim.app/search?q=MAKE-UP+اكلادور+NERS+PRO+CLASSIC
MAKE-UP اكلادور NERS PRO HLAL,40,https://www.royalelchim.app/search?q=MAKE-UP+اكلادور+NERS+PRO+HLAL
MAKE-UP اكلادور REVLON,20,https://www.royalelchim.app/search?q=MAKE-UP+اكلادور+REVLON
MAKE-UP اكلادور SI,20,https://www.royalelchim.app/search?q=MAKE-UP+اكلادور+SI
MAKE-UP اكلادور Tonqian,15,https://www.royalelchim.app/search?q=MAKE-UP+اكلادور+Tonqian
MAKE-UP اكلادور تفاحه,10,https://www.royalelchim.app/search?q=MAKE-UP+اكلادور+تفاحه
MAKE-UP اكلادور صولا,7,https://www.royalelchim.app/search?q=MAKE-UP+اكلادور+صولا
MAKE-UP اكلادور مشكل,7٫5,https://www.royalelchim.app/search?q=MAKE-UP+اكلادور+مشكل
MAKE-UP اكلادور مشكل ك مستورد,12,https://www.royalelchim.app/search?q=MAKE-UP+اكلادور+مشكل+ك+مستورد
MAKE-UP اكلادور ميلتو بلو لا,30,https://www.royalelchim.app/search?q=MAKE-UP+اكلادور+ميلتو+بلو+لا
MAKE-UP اكلادور ميني,20,https://www.royalelchim.app/search?q=MAKE-UP+اكلادور+ميني
MAKE-UP ايشادو M.n 11*1 4140,90,https://www.royalelchim.app/search?q=MAKE-UP+ايشادو+M.n+11*1+4140
MAKE-UP ايلانير جليتر,55,https://www.royalelchim.app/search?q=MAKE-UP+ايلانير+جليتر
MAKE-UP ايلاينر شيجلام,95,https://www.royalelchim.app/search?q=MAKE-UP+ايلاينر+شيجلام
MAKE-UP ايلاينر فلومستر QIAWES,65,https://www.royalelchim.app/search?q=MAKE-UP+ايلاينر+فلومستر+QIAWES
MAKE-UP ايلاينرمحمودسعيد,85,https://www.royalelchim.app/search?q=MAKE-UP+ايلاينرمحمودسعيد
MAKE-UP برايمر لوريال انبوبه,70,https://www.royalelchim.app/search?q=MAKE-UP+برايمر+لوريال+انبوبه
MAKE-UP بلاشر 3 لون MISS REEM,30,https://www.royalelchim.app/search?q=MAKE-UP+بلاشر+3+لون+MISS+REEM
MAKE-UP بلاشر Note,15,https://www.royalelchim.app/search?q=MAKE-UP+بلاشر+Note
MAKE-UP بودر ماك استوديو MAC FIX,65,https://www.royalelchim.app/search?q=MAKE-UP+بودر+ماك+استوديو+MAC+FIX
MAKE-UP بودره مانهاتن,85,https://www.royalelchim.app/search?q=MAKE-UP+بودره+مانهاتن
MAKE-UP بودره معطره,55,https://www.royalelchim.app/search?q=MAKE-UP+بودره+معطره
MAKE-UP روج Iam,45,https://www.royalelchim.app/search?q=MAKE-UP+روج+Iam
MAKE-UP روج XL,25,https://www.royalelchim.app/search?q=MAKE-UP+روج+XL
MAKE-UP روج استيك ت,15,https://www.royalelchim.app/search?q=MAKE-UP+روج+استيك+ت
MAKE-UP روج بريتي لوكس PRETTY WOMAN,25,https://www.royalelchim.app/search?q=MAKE-UP+روج+بريتي+لوكس+PRETTY+WOMAN
MAKE-UP روج بريتي وومن,50,https://www.royalelchim.app/search?q=MAKE-UP+روج+بريتي+وومن
MAKE-UP روج روروز 54,45,https://www.royalelchim.app/search?q=MAKE-UP+روج+روروز+54
MAKE-UP روج سائل ت,20,https://www.royalelchim.app/search?q=MAKE-UP+روج+سائل+ت
MAKE-UP روج سحري مستورد,20,https://www.royalelchim.app/search?q=MAKE-UP+روج+سحري+مستورد
MAKE-UP روج سحري مصري,20,https://www.royalelchim.app/search?q=MAKE-UP+روج+سحري+مصري
MAKE-UP روج ماتيك M.n L575,35,https://www.royalelchim.app/search?q=MAKE-UP+روج+ماتيك+M.n+L575
MAKE-UP سنون دبل Bbrose,85,https://www.royalelchim.app/search?q=MAKE-UP+سنون+دبل+Bbrose
MAKE-UP صبونه حواجب Sheglam,85,https://www.royalelchim.app/search?q=MAKE-UP+صبونه+حواجب+Sheglam
MAKE-UP علبه ايشادو ص T.ME,150,https://www.royalelchim.app/search?q=MAKE-UP+علبه+ايشادو+ص+T.ME
MAKE-UP فت مي احمر خد,10,https://www.royalelchim.app/search?q=MAKE-UP+فت+مي+احمر+خد
MAKE-UP قلم Bb Rose,55,https://www.royalelchim.app/search?q=MAKE-UP+قلم+Bb+Rose
MAKE-UP قلم Lareen,30,https://www.royalelchim.app/search?q=MAKE-UP+قلم+Lareen
MAKE-UP قلم M.n اسود,15,https://www.royalelchim.app/search?q=MAKE-UP+قلم+M.n+اسود
MAKE-UP قلم M.n بني,20,https://www.royalelchim.app/search?q=MAKE-UP+قلم+M.n+بني
MAKE-UP قلم M.n مشكل,15,https://www.royalelchim.app/search?q=MAKE-UP+قلم+M.n+مشكل
MAKE-UP قلم Rose Berry,55,https://www.royalelchim.app/search?q=MAKE-UP+قلم+Rose+Berry
MAKE-UP قلم Rose Berry حواجب,110,https://www.royalelchim.app/search?q=MAKE-UP+قلم+Rose+Berry+حواجب
MAKE-UP قلم اسفنجه M.n,25,https://www.royalelchim.app/search?q=MAKE-UP+قلم+اسفنجه+M.n
MAKE-UP قلم اظافر,10,https://www.royalelchim.app/search?q=MAKE-UP+قلم+اظافر
MAKE-UP قلم ايشادو ابيض رفيع FLORMAR,10,https://www.royalelchim.app/search?q=MAKE-UP+قلم+ايشادو+ابيض+رفيع+FLORMAR
MAKE-UP قلم تحيح حواجب,35,https://www.royalelchim.app/search?q=MAKE-UP+قلم+تحيح+حواجب
MAKE-UP قلم تحيح حواجب Miss Demi,35,https://www.royalelchim.app/search?q=MAKE-UP+قلم+تحيح+حواجب+Miss+Demi
MAKE-UP قلم خشب تحديد,8,https://www.royalelchim.app/search?q=MAKE-UP+قلم+خشب+تحديد
MAKE-UP قلم روتانا,20,https://www.royalelchim.app/search?q=MAKE-UP+قلم+روتانا
MAKE-UP قلم سنون,90,https://www.royalelchim.app/search?q=MAKE-UP+قلم+سنون
MAKE-UP قلم عريض FLORMAR,35,https://www.royalelchim.app/search?q=MAKE-UP+قلم+عريض+FLORMAR
MAKE-UP قلم فلومستر,50,https://www.royalelchim.app/search?q=MAKE-UP+قلم+فلومستر
MAKE-UP قلم كحل خشب M.N,5,https://www.royalelchim.app/search?q=MAKE-UP+قلم+كحل+خشب+M.N
MAKE-UP قلم كحل عريض,40,https://www.royalelchim.app/search?q=MAKE-UP+قلم+كحل+عريض
MAKE-UP قلم كحل عريض برونز HUDA BEAUTY,35,https://www.royalelchim.app/search?q=MAKE-UP+قلم+كحل+عريض+برونز+HUDA+BEAUTY
MAKE-UP قلم كحل عريض برونز براية,30,https://www.royalelchim.app/search?q=MAKE-UP+قلم+كحل+عريض+برونز+براية
MAKE-UP قلم كحل مشكل,8,https://www.royalelchim.app/search?q=MAKE-UP+قلم+كحل+مشكل
MAKE-UP كحل EVER BAUTY بيج,15,https://www.royalelchim.app/search?q=MAKE-UP+كحل+EVER+BAUTY+بيج
MAKE-UP كحل FOREVER52,65,https://www.royalelchim.app/search?q=MAKE-UP+كحل+FOREVER52
MAKE-UP كحل HUAWEIZI,70,https://www.royalelchim.app/search?q=MAKE-UP+كحل+HUAWEIZI
MAKE-UP كحل KIKO,85,https://www.royalelchim.app/search?q=MAKE-UP+كحل+KIKO
MAKE-UP كحل M.N,60,https://www.royalelchim.app/search?q=MAKE-UP+كحل+M.N
MAKE-UP كحل M.N الوان,20,https://www.royalelchim.app/search?q=MAKE-UP+كحل+M.N+الوان
MAKE-UP كحل M.N علبه,25,https://www.royalelchim.app/search?q=MAKE-UP+كحل+M.N+علبه
MAKE-UP كحل M.N علبه اسود,20,https://www.royalelchim.app/search?q=MAKE-UP+كحل+M.N+علبه+اسود
MAKE-UP كحل SCANDALEYES,75,https://www.royalelchim.app/search?q=MAKE-UP+كحل+SCANDALEYES
MAKE-UP كحل TARTE,80,https://www.royalelchim.app/search?q=MAKE-UP+كحل+TARTE
MAKE-UP كحل الوان ايفر بيوتي 9070 E,15,https://www.royalelchim.app/search?q=MAKE-UP+كحل+الوان+ايفر+بيوتي+9070+E
MAKE-UP كحل الوان دافيس,10,https://www.royalelchim.app/search?q=MAKE-UP+كحل+الوان+دافيس
MAKE-UP كحل الوان عريض برونز,20,https://www.royalelchim.app/search?q=MAKE-UP+كحل+الوان+عريض+برونز
MAKE-UP كحل ام ان خشب,25,https://www.royalelchim.app/search?q=MAKE-UP+كحل+ام+ان+خشب
MAKE-UP كحل بيج,25,https://www.royalelchim.app/search?q=MAKE-UP+كحل+بيج
MAKE-UP كحل دافيس ابيض / الوان,15,https://www.royalelchim.app/search?q=MAKE-UP+كحل+دافيس+ابيض+/+الوان
MAKE-UP كحل سيفوره,80,https://www.royalelchim.app/search?q=MAKE-UP+كحل+سيفوره
MAKE-UP كحل عريض,40,https://www.royalelchim.app/search?q=MAKE-UP+كحل+عريض
MAKE-UP كحل عريض ام ان,30,https://www.royalelchim.app/search?q=MAKE-UP+كحل+عريض+ام+ان
MAKE-UP كحل فلورمار ابيض,35,https://www.royalelchim.app/search?q=MAKE-UP+كحل+فلورمار+ابيض
MAKE-UP كحل فلورمار الوان,20,https://www.royalelchim.app/search?q=MAKE-UP+كحل+فلورمار+الوان
MAKE-UP كحل فلورمار فضى تحديد عيون,40,https://www.royalelchim.app/search?q=MAKE-UP+كحل+فلورمار+فضى+تحديد+عيون
MAKE-UP كحل كايلي,25,https://www.royalelchim.app/search?q=MAKE-UP+كحل+كايلي
MAKE-UP كحل لارين,80,https://www.royalelchim.app/search?q=MAKE-UP+كحل+لارين
MAKE-UP كحل موناليزا,25,https://www.royalelchim.app/search?q=MAKE-UP+كحل+موناليزا
MAKE-UP كريم اساس زجاج منوع,140,https://www.royalelchim.app/search?q=MAKE-UP+كريم+اساس+زجاج+منوع
MAKE-UP كريم اساس C.c كوري,155,https://www.royalelchim.app/search?q=MAKE-UP+كريم+اساس+C.c+كوري
MAKE-UP لوس بوجر بنانا,15,https://www.royalelchim.app/search?q=MAKE-UP+لوس+بوجر+بنانا
MAKE-UP لوس بودر Mn,105,https://www.royalelchim.app/search?q=MAKE-UP+لوس+بودر+Mn
MAKE-UP مثبت Karite,70,https://www.royalelchim.app/search?q=MAKE-UP+مثبت+Karite
MAKE-UP مثبت Lchear,130,https://www.royalelchim.app/search?q=MAKE-UP+مثبت+Lchear
MAKE-UP مسكره بريتي وومن,80,https://www.royalelchim.app/search?q=MAKE-UP+مسكره+بريتي+وومن
MAKE-UP مسكره فلومار,70,https://www.royalelchim.app/search?q=MAKE-UP+مسكره+فلومار
MAKE-UP مسكرة لوكس,75,https://www.royalelchim.app/search?q=MAKE-UP+مسكرة+لوكس
MAKE-UP مصحح حواجب Ruby Rose,50,https://www.royalelchim.app/search?q=MAKE-UP+مصحح+حواجب+Ruby+Rose
MAKE-UP مصحح حواجب بودر M.N,65,https://www.royalelchim.app/search?q=MAKE-UP+مصحح+حواجب+بودر+M.N
MAKE-UP ملمع سحري كريت 70671,60,https://www.royalelchim.app/search?q=MAKE-UP+ملمع+سحري+كريت+70671
MAKE-UP ملمع شمعه برونزيه,50,https://www.royalelchim.app/search?q=MAKE-UP+ملمع+شمعه+برونزيه
MAKE-UP مناديل اسيتون,35,https://www.royalelchim.app/search?q=MAKE-UP+مناديل+اسيتون
MAKE-UP مورد سينمائي,100,https://www.royalelchim.app/search?q=MAKE-UP+مورد+سينمائي
Mam76 Filler Botox,1250,https://www.royalelchim.app/search?q=Mam76+Filler+Botox
Mam76 Filler Gold Caviar,1800,https://www.royalelchim.app/search?q=Mam76+Filler+Gold+Caviar
Mam76 Filler Emolsion 60 Ml,275,https://www.royalelchim.app/search?q=Mam76+Filler+Emolsion+60+Ml
Mam76 Nano Botox 125 Ml,300,https://www.royalelchim.app/search?q=Mam76+Nano+Botox+125+Ml
Mam76 ORGANIC THERAPY 1000 ML,2750,https://www.royalelchim.app/search?q=Mam76+ORGANIC+THERAPY+1000+ML
Mam76 Protein Herbal 125 Ml,300,https://www.royalelchim.app/search?q=Mam76+Protein+Herbal+125+Ml
Mam76 Protein Herbal 500 Ml,1350,https://www.royalelchim.app/search?q=Mam76+Protein+Herbal+500+Ml
Mam76 Red Plazma,3000,https://www.royalelchim.app/search?q=Mam76+Red+Plazma
Mam76 مجموعه بروتين + شامبو ترميم,3500,https://www.royalelchim.app/search?q=Mam76+مجموعه+بروتين+++شامبو+ترميم
MAS ROTEN MAS CAVIAR,4000,https://www.royalelchim.app/search?q=MAS+ROTEN+MAS+CAVIAR
MAS مجموعه بروتين,850,https://www.royalelchim.app/search?q=MAS+مجموعه+بروتين
MEMWA PINK SUMMER SUGAR,210,https://www.royalelchim.app/search?q=MEMWA+PINK+SUMMER+SUGAR
Might cinema Blysher stick 6008 106,80,https://www.royalelchim.app/search?q=Might+cinema+Blysher+stick+6008+106
Might Cinema Blusher MODEL 1582,55,https://www.royalelchim.app/search?q=Might+Cinema+Blusher+MODEL+1582
Might Cinema Blusher Magic Model 1993,65,https://www.royalelchim.app/search?q=Might+Cinema+Blusher+Magic+Model+1993
Might Cinema Carlla Rose Blusher 8 Colour,175,https://www.royalelchim.app/search?q=Might+Cinema+Carlla+Rose+Blusher+8+Colour
Might Cinema Conceler Super Stay 1510,75,https://www.royalelchim.app/search?q=Might+Cinema+Conceler+Super+Stay+1510
Might Cinema Contour Cream MODEL 1126,95,https://www.royalelchim.app/search?q=Might+Cinema+Contour+Cream+MODEL+1126
Might Cinema Contour Powder & Cream Model 1228,120,https://www.royalelchim.app/search?q=Might+Cinema+Contour+Powder+&+Cream+Model+1228
Might Cinema Contour Powder & Cream Model 1338,185,https://www.royalelchim.app/search?q=Might+Cinema+Contour+Powder+&+Cream+Model+1338
Might Cinema Dipliner Liquide 5069,55,https://www.royalelchim.app/search?q=Might+Cinema+Dipliner+Liquide+5069
Might Cinema Double Touch 2*1,65,https://www.royalelchim.app/search?q=Might+Cinema+Double+Touch+2*1
Might Cinema Eye Shadow 1335,250,https://www.royalelchim.app/search?q=Might+Cinema+Eye+Shadow+1335
Might Cinema Eye Shadow 1336,300,https://www.royalelchim.app/search?q=Might+Cinema+Eye+Shadow+1336
Might Cinema Eye Shadow 5025 Model,880,https://www.royalelchim.app/search?q=Might+Cinema+Eye+Shadow+5025+Model
Might Cinema Eye Shadow 5125 Model,260,https://www.royalelchim.app/search?q=Might+Cinema+Eye+Shadow+5125+Model
Might Cinema Eye Shadow Model 5093,320,https://www.royalelchim.app/search?q=Might+Cinema+Eye+Shadow+Model+5093
Might Cinema Eye Shadow Model 5120,450,https://www.royalelchim.app/search?q=Might+Cinema+Eye+Shadow+Model+5120
Might Cinema Eye Shadow 18 لون Model 2603,180,https://www.royalelchim.app/search?q=Might+Cinema+Eye+Shadow+18+لون+Model+2603
Might Cinema Eye Shadow 32 لون 1982 Model,210,https://www.royalelchim.app/search?q=Might+Cinema+Eye+Shadow+32+لون+1982+Model
Might Cinema Eyebrow Gel 1197 Model,120,https://www.royalelchim.app/search?q=Might+Cinema+Eyebrow+Gel+1197+Model
Might Cinema Eyeliner Model 1373,80,https://www.royalelchim.app/search?q=Might+Cinema+Eyeliner+Model+1373
Might Cinema Eyeliner Model 2532,75,https://www.royalelchim.app/search?q=Might+Cinema+Eyeliner+Model+2532
Might Cinema EYEShadow 2604 Model,200,https://www.royalelchim.app/search?q=Might+Cinema+EYEShadow+2604+Model
Might Cinema EYEShadow CARLLA ROSE MODEL1981,260,https://www.royalelchim.app/search?q=Might+Cinema+EYEShadow+CARLLA+ROSE+MODEL1981
Might Cinema EYEShadow Model 1110,225,https://www.royalelchim.app/search?q=Might+Cinema+EYEShadow+Model+1110
Might Cinema Fixer Spray Model 1163,100,https://www.royalelchim.app/search?q=Might+Cinema+Fixer+Spray+Model+1163
Might Cinema FOUNDATION 1963,170,https://www.royalelchim.app/search?q=Might+Cinema+FOUNDATION+1963
Might Cinema Foundation 3028 model,190,https://www.royalelchim.app/search?q=Might+Cinema+Foundation+3028+model
Might Cinema FOUNDATION 5013 Model,75,https://www.royalelchim.app/search?q=Might+Cinema+FOUNDATION+5013+Model
Might Cinema FOUNDATION 5039 Model,170,https://www.royalelchim.app/search?q=Might+Cinema+FOUNDATION+5039+Model
Might Cinema FOUNDATION Model 1055,220,https://www.royalelchim.app/search?q=Might+Cinema+FOUNDATION+Model+1055
Might Cinema FOUNDATION MODEL 1117,110,https://www.royalelchim.app/search?q=Might+Cinema+FOUNDATION+MODEL+1117
Might Cinema FOUNDATION Model 4121,220,https://www.royalelchim.app/search?q=Might+Cinema+FOUNDATION+Model+4121
Might Cinema FOUNDATION Model 4160,220,https://www.royalelchim.app/search?q=Might+Cinema+FOUNDATION+Model+4160
Might Cinema Foundation MODEL 5038,150,https://www.royalelchim.app/search?q=Might+Cinema+Foundation+MODEL+5038
Might Cinema Foundation Matte,170,https://www.royalelchim.app/search?q=Might+Cinema+Foundation+Matte
Might Cinema Foundation Matte 1329 Model,100,https://www.royalelchim.app/search?q=Might+Cinema+Foundation+Matte+1329+Model
Might Cinema Foundation Matte 5116 Model,90,https://www.royalelchim.app/search?q=Might+Cinema+Foundation+Matte+5116+Model
Might Cinema Foundation Matte Happy Skin,170,https://www.royalelchim.app/search?q=Might+Cinema+Foundation+Matte+Happy+Skin
Might Cinema Fywntshy Eye Shadow 1555 Model,325,https://www.royalelchim.app/search?q=Might+Cinema+Fywntshy+Eye+Shadow+1555+Model
Might Cinema Fywntshy Eye Shadow Model 1560,250,https://www.royalelchim.app/search?q=Might+Cinema+Fywntshy+Eye+Shadow+Model+1560
Might Cinema HILIGHTER Model 4099,100,https://www.royalelchim.app/search?q=Might+Cinema+HILIGHTER+Model+4099
Might Cinema HILIGHTER H.D 1223,40,https://www.royalelchim.app/search?q=Might+Cinema+HILIGHTER+H.D+1223
Might Cinema Lip Gloss,60,https://www.royalelchim.app/search?q=Might+Cinema+Lip+Gloss
Might Cinema Lip Gloss 1213 Model,50,https://www.royalelchim.app/search?q=Might+Cinema+Lip+Gloss+1213+Model
Might Cinema Lip Gloss 2056 Model,60,https://www.royalelchim.app/search?q=Might+Cinema+Lip+Gloss+2056+Model
Might Cinema Lip Gloss 4025,50,https://www.royalelchim.app/search?q=Might+Cinema+Lip+Gloss+4025
Might Cinema Lip Gloss 5016 Model,60,https://www.royalelchim.app/search?q=Might+Cinema+Lip+Gloss+5016+Model
Might Cinema Lip Gloss Double Touch,65,https://www.royalelchim.app/search?q=Might+Cinema+Lip+Gloss+Double+Touch
Might Cinema Lip Gloss Model 4123,50,https://www.royalelchim.app/search?q=Might+Cinema+Lip+Gloss+Model+4123
Might Cinema Lip Gloss MODEL 5159,70,https://www.royalelchim.app/search?q=Might+Cinema+Lip+Gloss+MODEL+5159
Might Cinema Lip Gloss شفاف,55,https://www.royalelchim.app/search?q=Might+Cinema+Lip+Gloss+شفاف
Might Cinema Lip Gloss Magic 1212 Model,65,https://www.royalelchim.app/search?q=Might+Cinema+Lip+Gloss+Magic+1212+Model
Might Cinema Lip Gloss Magic MODEL 1091,50,https://www.royalelchim.app/search?q=Might+Cinema+Lip+Gloss+Magic+MODEL+1091
Might Cinema Lip Gloss Magic Model 1211,50,https://www.royalelchim.app/search?q=Might+Cinema+Lip+Gloss+Magic+Model+1211
Might Cinema Lip Oil Model 4105,65,https://www.royalelchim.app/search?q=Might+Cinema+Lip+Oil+Model+4105
Might Cinema LIP STIK 5004 Model,45,https://www.royalelchim.app/search?q=Might+Cinema+LIP+STIK+5004+Model
Might Cinema LIP STIK 5060,50,https://www.royalelchim.app/search?q=Might+Cinema+LIP+STIK+5060
Might Cinema LIP STIK Model 1134,40,https://www.royalelchim.app/search?q=Might+Cinema+LIP+STIK+Model+1134
Might Cinema LIP STIK Model 3008,40,https://www.royalelchim.app/search?q=Might+Cinema+LIP+STIK+Model+3008
Might Cinema Lipstick 1299,50,https://www.royalelchim.app/search?q=Might+Cinema+Lipstick+1299
Might Cinema LIPSTICK 4028,55,https://www.royalelchim.app/search?q=Might+Cinema+LIPSTICK+4028
Might Cinema LIPSTICK 5003,55,https://www.royalelchim.app/search?q=Might+Cinema+LIPSTICK+5003
Might Cinema Lipstick Model 4015,50,https://www.royalelchim.app/search?q=Might+Cinema+Lipstick+Model+4015
Might Cinema Liquid Blusher Model 1123,65,https://www.royalelchim.app/search?q=Might+Cinema+Liquid+Blusher+Model+1123
Might Cinema Liquid Blusher Model 1253,105,https://www.royalelchim.app/search?q=Might+Cinema+Liquid+Blusher+Model+1253
Might Cinema Liquid Highlighter Model 1301,95,https://www.royalelchim.app/search?q=Might+Cinema+Liquid+Highlighter+Model+1301
Might Cinema Loose Poder,90,https://www.royalelchim.app/search?q=Might+Cinema+Loose+Poder
Might Cinema Loose Poder Model 1597,100,https://www.royalelchim.app/search?q=Might+Cinema+Loose+Poder+Model+1597
Might Cinema Loose Poder Model 6030,150,https://www.royalelchim.app/search?q=Might+Cinema+Loose+Poder+Model+6030
Might Cinema Mascara 1062 Model,125,https://www.royalelchim.app/search?q=Might+Cinema+Mascara+1062+Model
Might Cinema Mascara Model 1064,100,https://www.royalelchim.app/search?q=Might+Cinema+Mascara+Model+1064
Might Cinema Mascara Model 1208,100,https://www.royalelchim.app/search?q=Might+Cinema+Mascara+Model+1208
Might Cinema Mascara Model 1952,90,https://www.royalelchim.app/search?q=Might+Cinema+Mascara+Model+1952
Might Cinema Mascara Model 2558,75,https://www.royalelchim.app/search?q=Might+Cinema+Mascara+Model+2558
Might Cinema Mascara Model 2575,90,https://www.royalelchim.app/search?q=Might+Cinema+Mascara+Model+2575
Might Cinema Mascara Model 4103,90,https://www.royalelchim.app/search?q=Might+Cinema+Mascara+Model+4103
Might Cinema Mascara Model 5074,90,https://www.royalelchim.app/search?q=Might+Cinema+Mascara+Model+5074
Might Cinema Mascara MODEL 5094,100,https://www.royalelchim.app/search?q=Might+Cinema+Mascara+MODEL+5094
Might Cinema Mascara Model 5112,110,https://www.royalelchim.app/search?q=Might+Cinema+Mascara+Model+5112
Might Cinema Mascara Model 5117,80,https://www.royalelchim.app/search?q=Might+Cinema+Mascara+Model+5117
Might Cinema Mascara Model 912,95,https://www.royalelchim.app/search?q=Might+Cinema+Mascara+Model+912
Might Cinema Mascara & Eyeliner Model 2527,75,https://www.royalelchim.app/search?q=Might+Cinema+Mascara+&+Eyeliner+Model+2527
Might Cinema Mascara & Eyeliner Model 2549,115,https://www.royalelchim.app/search?q=Might+Cinema+Mascara+&+Eyeliner+Model+2549
Might Cinema Mascara BIG EYE MODEL 2514,100,https://www.royalelchim.app/search?q=Might+Cinema+Mascara+BIG+EYE+MODEL+2514
Might Cinema Matt Lip Gloss Bag,45,https://www.royalelchim.app/search?q=Might+Cinema+Matt+Lip+Gloss+Bag
Might Cinema Matt Lip Gloss Model 4095,60,https://www.royalelchim.app/search?q=Might+Cinema+Matt+Lip+Gloss+Model+4095
Might Cinema Matt Lip Gloss Model 5063,60,https://www.royalelchim.app/search?q=Might+Cinema+Matt+Lip+Gloss+Model+5063
Might Cinema Moisturizer Lotion Hyaluronic Acid,200,https://www.royalelchim.app/search?q=Might+Cinema+Moisturizer+Lotion+Hyaluronic+Acid
Might Cinema Powder & highlighter Model 2563,80,https://www.royalelchim.app/search?q=Might+Cinema+Powder+&+highlighter+Model+2563
Might Cinema Powder & highlighter Model 4106,155,https://www.royalelchim.app/search?q=Might+Cinema+Powder+&+highlighter+Model+4106
Might Cinema Sweet Eyeshadow 2570,160,https://www.royalelchim.app/search?q=Might+Cinema+Sweet+Eyeshadow+2570
Might Cinema Sweet Eyeshadow 2571,220,https://www.royalelchim.app/search?q=Might+Cinema+Sweet+Eyeshadow+2571
Might Cinema VOLUME MASCARA MODEL 1084,125,https://www.royalelchim.app/search?q=Might+Cinema+VOLUME+MASCARA+MODEL+1084
MONAYA Big Eye,75,https://www.royalelchim.app/search?q=MONAYA+Big+Eye
MONAYA BLUSHER MATT,95,https://www.royalelchim.app/search?q=MONAYA+BLUSHER+MATT
MONAYA Creamy Lipstick,55,https://www.royalelchim.app/search?q=MONAYA+Creamy+Lipstick
MONAYA DIP LINER,45,https://www.royalelchim.app/search?q=MONAYA+DIP+LINER
MONAYA FOUNDATION TUBE,85,https://www.royalelchim.app/search?q=MONAYA+FOUNDATION+TUBE
MONAYA I Love Extream Mascra Blue,70,https://www.royalelchim.app/search?q=MONAYA+I+Love+Extream+Mascra+Blue
MONAYA I Love Xtream Mascra Black,65,https://www.royalelchim.app/search?q=MONAYA+I+Love+Xtream+Mascra+Black
MONAYA LIP GLOS,45,https://www.royalelchim.app/search?q=MONAYA+LIP+GLOS
MONAYA LIP STICK 72,40,https://www.royalelchim.app/search?q=MONAYA+LIP+STICK+72
MONAYA LIQUID EYELINER,45,https://www.royalelchim.app/search?q=MONAYA+LIQUID+EYELINER
MONAYA Liquid Lipstick Long Wear,50,https://www.royalelchim.app/search?q=MONAYA+Liquid+Lipstick+Long+Wear
MONAYA Long Lasting Lipstick,45,https://www.royalelchim.app/search?q=MONAYA+Long+Lasting+Lipstick
MONAYA MATT & MOIST LIP GLOSS,55,https://www.royalelchim.app/search?q=MONAYA+MATT+&+MOIST+LIP+GLOSS
MONAYA THICK POWDER MAGIC TOUCH,85,https://www.royalelchim.app/search?q=MONAYA+THICK+POWDER+MAGIC+TOUCH
New Gold ARMATEUR GOLD LIMITED EDITION 100ML,310,https://www.royalelchim.app/search?q=New+Gold+ARMATEUR+GOLD+LIMITED+EDITION+100ML
New Gold BE SEDUCED CHERIE FOREVER YOUNG 100ML,320,https://www.royalelchim.app/search?q=New+Gold+BE+SEDUCED+CHERIE+FOREVER+YOUNG+100ML
New Gold BE SEDUCED GIRL PARTY ARE YOU ON THE LIST 100ML,320,https://www.royalelchim.app/search?q=New+Gold+BE+SEDUCED+GIRL+PARTY+ARE+YOU+ON+THE+LIST+100ML
New Gold BE SEDUCED LADY JUST AMAZING 100ML,320,https://www.royalelchim.app/search?q=New+Gold+BE+SEDUCED+LADY+JUST+AMAZING+100ML
New Gold CLASSIC KAREN LOW,200,https://www.royalelchim.app/search?q=New+Gold+CLASSIC+KAREN+LOW
New Gold DARK SIDER PURE GELLINE PERRI,270,https://www.royalelchim.app/search?q=New+Gold+DARK+SIDER+PURE+GELLINE+PERRI
New Gold EQUIVOQUE PACIFIQUE NORD 100ML,310,https://www.royalelchim.app/search?q=New+Gold+EQUIVOQUE+PACIFIQUE+NORD+100ML
New Gold Famouse Lady,190,https://www.royalelchim.app/search?q=New+Gold+Famouse+Lady
New Gold GENTLE ELSATYS REYANE TRADITION 100ML,325,https://www.royalelchim.app/search?q=New+Gold+GENTLE+ELSATYS+REYANE+TRADITION+100ML
New Gold Guccl Girl,260,https://www.royalelchim.app/search?q=New+Gold+Guccl+Girl
New Gold HAYETTI ORIGNAL 75ML,120,https://www.royalelchim.app/search?q=New+Gold+HAYETTI+ORIGNAL+75ML
New Gold INNER FORCE PURE AMBER 100ML,282,https://www.royalelchim.app/search?q=New+Gold+INNER+FORCE+PURE+AMBER+100ML
New Gold INSURRECTION II GEPARLYS SPRAY 250,88,https://www.royalelchim.app/search?q=New+Gold+INSURRECTION+II+GEPARLYS+SPRAY+250
New Gold J'AVOUE JASMINE,250,https://www.royalelchim.app/search?q=New+Gold+J'AVOUE+JASMINE
New Gold JROU JROU,275,https://www.royalelchim.app/search?q=New+Gold+JROU+JROU
New Gold MAN IN BLUE DOLCE,98,https://www.royalelchim.app/search?q=New+Gold+MAN+IN+BLUE+DOLCE
New Gold MY OUD 250ML FOR MEN,88,https://www.royalelchim.app/search?q=New+Gold+MY+OUD+250ML+FOR+MEN
New Gold PARIS BLEU AVIATOR 200ML,58,https://www.royalelchim.app/search?q=New+Gold+PARIS+BLEU+AVIATOR+200ML
New Gold PARIS BLEU CHESS 200ML,58,https://www.royalelchim.app/search?q=New+Gold+PARIS+BLEU+CHESS+200ML
New Gold Passport Gray Man,135,https://www.royalelchim.app/search?q=New+Gold+Passport+Gray+Man
New Gold REYANE PARIS FOR MEN 100ML,270,https://www.royalelchim.app/search?q=New+Gold+REYANE+PARIS+FOR+MEN+100ML
New Gold REYANE WONDERLAND FOR MEN 100ML,270,https://www.royalelchim.app/search?q=New+Gold+REYANE+WONDERLAND+FOR+MEN+100ML
New Gold Sppc CHACELLOR 200ML,58,https://www.royalelchim.app/search?q=New+Gold+Sppc+CHACELLOR+200ML
New Gold Style Karen Low,220,https://www.royalelchim.app/search?q=New+Gold+Style+Karen+Low
New Gold Sweet Georgia,210,https://www.royalelchim.app/search?q=New+Gold+Sweet+Georgia
New Gold THOUGHTS DRAKAR FOR MAN 100ML,150,https://www.royalelchim.app/search?q=New+Gold+THOUGHTS+DRAKAR+FOR+MAN+100ML
New Gold UDAIPUR,210,https://www.royalelchim.app/search?q=New+Gold+UDAIPUR
New Gold UNFORGETTABLE PURE WHITE 100ML,282,https://www.royalelchim.app/search?q=New+Gold+UNFORGETTABLE+PURE+WHITE+100ML
New Gold WHITE HORSE,190,https://www.royalelchim.app/search?q=New+Gold+WHITE+HORSE
New Gold Yves De Sistelle Lilium 200 Ml,58,https://www.royalelchim.app/search?q=New+Gold+Yves+De+Sistelle+Lilium+200+Ml
NIVEA Body Cream Cocoa Buter,42,https://www.royalelchim.app/search?q=NIVEA+Body+Cream+Cocoa+Buter
NIVEA CREAM 30% 60 ML,55,https://www.royalelchim.app/search?q=NIVEA+CREAM+30%+60+ML
NIVEA DEEP BLACK CARBON DARK WOOD 150 ML,150,https://www.royalelchim.app/search?q=NIVEA+DEEP+BLACK+CARBON+DARK+WOOD+150+ML
NIVEA FRESH ACTIVE,150,https://www.royalelchim.app/search?q=NIVEA+FRESH+ACTIVE
NIVEA FRESH POWER,150,https://www.royalelchim.app/search?q=NIVEA+FRESH+POWER
NIVEA PEARL & BEAUTY,150,https://www.royalelchim.app/search?q=NIVEA+PEARL+&+BEAUTY
NIVEA WITH PURE ALLUM الشبه,150,https://www.royalelchim.app/search?q=NIVEA+WITH+PURE+ALLUM+الشبه
OILEX COLLAGEN PROFESSIONAL AMPUL,140,https://www.royalelchim.app/search?q=OILEX+COLLAGEN+PROFESSIONAL+AMPUL
OILEX DR GOLD,150,https://www.royalelchim.app/search?q=OILEX+DR+GOLD
OILEX FASTER AMPUL,135,https://www.royalelchim.app/search?q=OILEX+FASTER+AMPUL
OILEX GOLD 24,130,https://www.royalelchim.app/search?q=OILEX+GOLD+24
OILEX SUPER COLLAGEN + C,125,https://www.royalelchim.app/search?q=OILEX+SUPER+COLLAGEN+++C
OILEX TANNING LIQUIDE,135,https://www.royalelchim.app/search?q=OILEX+TANNING+LIQUIDE
OILEX كولاجين مائي امبولات ازرق,120,https://www.royalelchim.app/search?q=OILEX+كولاجين+مائي+امبولات+ازرق
OPAL Hair Gel,30,https://www.royalelchim.app/search?q=OPAL+Hair+Gel
OPAL SHOWER GEL 1.5 L,40,https://www.royalelchim.app/search?q=OPAL+SHOWER+GEL+1.5+L
ORIGINAL ACQUA DI PARISIS 250ML,88,https://www.royalelchim.app/search?q=ORIGINAL+ACQUA+DI+PARISIS+250ML
ORIGINAL CHRIS ADAMS POSSEEEIVE,275,https://www.royalelchim.app/search?q=ORIGINAL+CHRIS+ADAMS+POSSEEEIVE
ORIGINAL LIVELY PARIS PERFUME BODY SPRAY GEPARLYS SPRAY 250,200,https://www.royalelchim.app/search?q=ORIGINAL+LIVELY+PARIS+PERFUME+BODY+SPRAY+GEPARLYS+SPRAY+250
ORIGINAL MASTER CARRERA DODORANT SPRAY,70,https://www.royalelchim.app/search?q=ORIGINAL+MASTER+CARRERA+DODORANT+SPRAY
ORIGINAL Meet Matt Hughes,550,https://www.royalelchim.app/search?q=ORIGINAL+Meet+Matt+Hughes
ORIGINAL NISSAN ENERGY,250,https://www.royalelchim.app/search?q=ORIGINAL+NISSAN+ENERGY
ORIGINAL ROCKY MAN JEANNE ARTHES,240,https://www.royalelchim.app/search?q=ORIGINAL+ROCKY+MAN+JEANNE+ARTHES
ORIGINAL SHALSI TRI FRAG,100,https://www.royalelchim.app/search?q=ORIGINAL+SHALSI+TRI+FRAG
ORIGINAL SHALSI TRI FRAG MEN,95,https://www.royalelchim.app/search?q=ORIGINAL+SHALSI+TRI+FRAG+MEN
ORIGINAL U D V 75 ML,225,https://www.royalelchim.app/search?q=ORIGINAL+U+D+V+75+ML
ORIGINAL UNDERLINE FOR MEN,225,https://www.royalelchim.app/search?q=ORIGINAL+UNDERLINE+FOR+MEN
ORIGINAL WHAT ELSE PRESTIGE,250,https://www.royalelchim.app/search?q=ORIGINAL+WHAT+ELSE+PRESTIGE
ORIGINAL Zara Outlet,800,https://www.royalelchim.app/search?q=ORIGINAL+Zara+Outlet
ORIGINAL ياره ابيض YARA Moi Lattafa 100 Ml,900,https://www.royalelchim.app/search?q=ORIGINAL+ياره+ابيض+YARA+Moi+Lattafa+100+Ml
PALMER'S HAIRFOOD FORMULA 150 ML,150,https://www.royalelchim.app/search?q=PALMER'S+HAIRFOOD+FORMULA+150+ML
PALMER'S SHAPNG WAX 100GM,160,https://www.royalelchim.app/search?q=PALMER'S+SHAPNG+WAX+100GM
PANTENE SHAMPO 200 ML 2*1,100,https://www.royalelchim.app/search?q=PANTENE+SHAMPO+200+ML+2*1
PANTENE SHAMPO 200 ML MILKY REPAIR,100,https://www.royalelchim.app/search?q=PANTENE+SHAMPO+200+ML+MILKY+REPAIR
PANTENE SHAMPO 200 ML SILKY,100,https://www.royalelchim.app/search?q=PANTENE+SHAMPO+200+ML+SILKY
PARFUM FLORA,65,https://www.royalelchim.app/search?q=PARFUM+FLORA
PARFUM MAN IN BLUE LIGHT,98,https://www.royalelchim.app/search?q=PARFUM+MAN+IN+BLUE+LIGHT
PARFUM MISS FMJ INTENSE,235,https://www.royalelchim.app/search?q=PARFUM+MISS+FMJ+INTENSE
PARFUM PASSPORT BLACK,450,https://www.royalelchim.app/search?q=PARFUM+PASSPORT+BLACK
PARFUM Working,85,https://www.royalelchim.app/search?q=PARFUM+Working
PARFUM برفانات مشكله 50 مل,40,https://www.royalelchim.app/search?q=PARFUM+برفانات+مشكله+50+مل
PARFUM مجموعه Cool Girl,75,https://www.royalelchim.app/search?q=PARFUM+مجموعه+Cool+Girl
PARFUME ARMADA BLACK YVES DE SISTELLE,350,https://www.royalelchim.app/search?q=PARFUME+ARMADA+BLACK+YVES+DE+SISTELLE
PARFUME FOGG ROLL ON BOLD,55,https://www.royalelchim.app/search?q=PARFUME+FOGG+ROLL+ON+BOLD
PARFUME FOGG ROLL ON SPELENDID,55,https://www.royalelchim.app/search?q=PARFUME+FOGG+ROLL+ON+SPELENDID
PARFUME GOLDEN WWOD,210,https://www.royalelchim.app/search?q=PARFUME+GOLDEN+WWOD
PARFUME GOLDEN WWOD اطفال,75,https://www.royalelchim.app/search?q=PARFUME+GOLDEN+WWOD+اطفال
PARFUME LIVELY GEPARLYS,650,https://www.royalelchim.app/search?q=PARFUME+LIVELY+GEPARLYS
PARFUME NICHE POUR FEMME CHRIS ADAMS,220,https://www.royalelchim.app/search?q=PARFUME+NICHE+POUR+FEMME+CHRIS+ADAMS
PARFUME RUPTURE PRESTIGE,375,https://www.royalelchim.app/search?q=PARFUME+RUPTURE+PRESTIGE
PARFUME TIAMO 25 ML,35,https://www.royalelchim.app/search?q=PARFUME+TIAMO+25+ML
PARFUME TULINE POUR MADEMOISELLE LOUISE DE MAURILLAC,200,https://www.royalelchim.app/search?q=PARFUME+TULINE+POUR+MADEMOISELLE+LOUISE+DE+MAURILLAC
PARFUME YAQUT BODY SPLASH,125,https://www.royalelchim.app/search?q=PARFUME+YAQUT+BODY+SPLASH
PARFUME YAQUT BODY SPLASH YASHM GLITER,125,https://www.royalelchim.app/search?q=PARFUME+YAQUT+BODY+SPLASH+YASHM+GLITER
PARFUME سفينه العرب,100,https://www.royalelchim.app/search?q=PARFUME+سفينه+العرب
PARFUME HI.COPY 212 NYC,250,https://www.royalelchim.app/search?q=PARFUME+HI.COPY+212+NYC
PARFUME HI.COPY 212 Sexy 100ml,250,https://www.royalelchim.app/search?q=PARFUME+HI.COPY+212+Sexy+100ml
PARFUME HI.COPY 212 VIP,190,https://www.royalelchim.app/search?q=PARFUME+HI.COPY+212+VIP
PARFUME HI.COPY 212 Vlp Rose,190,https://www.royalelchim.app/search?q=PARFUME+HI.COPY+212+Vlp+Rose
PARFUME HI.COPY Alien 100 Ml,165,https://www.royalelchim.app/search?q=PARFUME+HI.COPY+Alien+100+Ml
PARFUME HI.COPY AMOROUS,200,https://www.royalelchim.app/search?q=PARFUME+HI.COPY+AMOROUS
PARFUME HI.COPY BLACK XS,190,https://www.royalelchim.app/search?q=PARFUME+HI.COPY+BLACK+XS
PARFUME HI.COPY Blue Chanel,170,https://www.royalelchim.app/search?q=PARFUME+HI.COPY+Blue+Chanel
PARFUME HI.COPY Blue Lely,70,https://www.royalelchim.app/search?q=PARFUME+HI.COPY+Blue+Lely
PARFUME HI.COPY BRAVE HEART,145,https://www.royalelchim.app/search?q=PARFUME+HI.COPY+BRAVE+HEART
PARFUME HI.COPY BURBERRY,200,https://www.royalelchim.app/search?q=PARFUME+HI.COPY+BURBERRY
PARFUME HI.COPY BVLGARI F,100,https://www.royalelchim.app/search?q=PARFUME+HI.COPY+BVLGARI+F
PARFUME HI.COPY C R I I D,150,https://www.royalelchim.app/search?q=PARFUME+HI.COPY+C+R+I+I+D
PARFUME HI.COPY CASSILIA CLASSIC,150,https://www.royalelchim.app/search?q=PARFUME+HI.COPY+CASSILIA+CLASSIC
PARFUME HI.COPY Coco Chanel,170,https://www.royalelchim.app/search?q=PARFUME+HI.COPY+Coco+Chanel
PARFUME HI.COPY COSMO BLUE OCEAN,115,https://www.royalelchim.app/search?q=PARFUME+HI.COPY+COSMO+BLUE+OCEAN
PARFUME HI.COPY DELAURE,285,https://www.royalelchim.app/search?q=PARFUME+HI.COPY+DELAURE
PARFUME HI.COPY DRAKAR NO IR,150,https://www.royalelchim.app/search?q=PARFUME+HI.COPY+DRAKAR+NO+IR
PARFUME HI.COPY Escada Moon,135,https://www.royalelchim.app/search?q=PARFUME+HI.COPY+Escada+Moon
PARFUME HI.COPY Escape,125,https://www.royalelchim.app/search?q=PARFUME+HI.COPY+Escape
PARFUME HI.COPY ETERNAL,175,https://www.royalelchim.app/search?q=PARFUME+HI.COPY+ETERNAL
PARFUME HI.COPY EUPHORIA MEN PURE GOLD,125,https://www.royalelchim.app/search?q=PARFUME+HI.COPY+EUPHORIA+MEN+PURE+GOLD
PARFUME HI.COPY FERRARI ESSENCE MUSK,150,https://www.royalelchim.app/search?q=PARFUME+HI.COPY+FERRARI+ESSENCE+MUSK
PARFUME HI.COPY FERRARI VETIVER ESSENCE,150,https://www.royalelchim.app/search?q=PARFUME+HI.COPY+FERRARI+VETIVER+ESSENCE
PARFUME HI.COPY High Copy 100 Ml,150,https://www.royalelchim.app/search?q=PARFUME+HI.COPY+High+Copy+100+Ml
PARFUME HI.COPY HOGO BOOS,75,https://www.royalelchim.app/search?q=PARFUME+HI.COPY+HOGO+BOOS
PARFUME HI.COPY ICE FALL,150,https://www.royalelchim.app/search?q=PARFUME+HI.COPY+ICE+FALL
PARFUME HI.COPY IndesCENCe Pour Homme,175,https://www.royalelchim.app/search?q=PARFUME+HI.COPY+IndesCENCe+Pour+Homme
PARFUME HI.COPY INVECTOS,190,https://www.royalelchim.app/search?q=PARFUME+HI.COPY+INVECTOS
PARFUME HI.COPY INVECTOS Legend,200,https://www.royalelchim.app/search?q=PARFUME+HI.COPY+INVECTOS+Legend
PARFUME HI.COPY INVECTOS VICTORY,230,https://www.royalelchim.app/search?q=PARFUME+HI.COPY+INVECTOS+VICTORY
PARFUME HI.COPY Kalemat High Copy,40,https://www.royalelchim.app/search?q=PARFUME+HI.COPY+Kalemat+High+Copy
PARFUME HI.COPY KOLOSSOS,150,https://www.royalelchim.app/search?q=PARFUME+HI.COPY+KOLOSSOS
PARFUME HI.COPY LAPIDUS,120,https://www.royalelchim.app/search?q=PARFUME+HI.COPY+LAPIDUS
PARFUME HI.COPY Lapidus Gray,50,https://www.royalelchim.app/search?q=PARFUME+HI.COPY+Lapidus+Gray
PARFUME HI.COPY Mercedes_benz 120ml For Men,60,https://www.royalelchim.app/search?q=PARFUME+HI.COPY+Mercedes_benz+120ml+For+Men
PARFUME HI.COPY MUSCULAR 50 ML,85,https://www.royalelchim.app/search?q=PARFUME+HI.COPY+MUSCULAR+50+ML
PARFUME HI.COPY OLYMPEA,180,https://www.royalelchim.app/search?q=PARFUME+HI.COPY+OLYMPEA
PARFUME HI.COPY Panadora,140,https://www.royalelchim.app/search?q=PARFUME+HI.COPY+Panadora
PARFUME HI.COPY PASSPORT,150,https://www.royalelchim.app/search?q=PARFUME+HI.COPY+PASSPORT
PARFUME HI.COPY R O C H AS,175,https://www.royalelchim.app/search?q=PARFUME+HI.COPY+R+O+C+H+AS
PARFUME HI.COPY Scandal,200,https://www.royalelchim.app/search?q=PARFUME+HI.COPY+Scandal
PARFUME HI.COPY SCULTUR FREE MAN,60,https://www.royalelchim.app/search?q=PARFUME+HI.COPY+SCULTUR+FREE+MAN
PARFUME HI.COPY SHOWMAN,130,https://www.royalelchim.app/search?q=PARFUME+HI.COPY+SHOWMAN
PARFUME HI.COPY SHOWMAN POUR HOMME,125,https://www.royalelchim.app/search?q=PARFUME+HI.COPY+SHOWMAN+POUR+HOMME
PARFUME HI.COPY Si Pink,175,https://www.royalelchim.app/search?q=PARFUME+HI.COPY+Si+Pink
PARFUME HI.COPY Si Red,200,https://www.royalelchim.app/search?q=PARFUME+HI.COPY+Si+Red
PARFUME HI.COPY Si شفاف,175,https://www.royalelchim.app/search?q=PARFUME+HI.COPY+Si+شفاف
PARFUME HI.COPY Sigar,200,https://www.royalelchim.app/search?q=PARFUME+HI.COPY+Sigar
PARFUME HI.COPY SMART WOMAN,140,https://www.royalelchim.app/search?q=PARFUME+HI.COPY+SMART+WOMAN
PARFUME HI.COPY So Scandal 100 Ml,210,https://www.royalelchim.app/search?q=PARFUME+HI.COPY+So+Scandal+100+Ml
PARFUME HI.COPY Soft Touch Red,125,https://www.royalelchim.app/search?q=PARFUME+HI.COPY+Soft+Touch+Red
PARFUME HI.COPY Souvag,190,https://www.royalelchim.app/search?q=PARFUME+HI.COPY+Souvag
PARFUME HI.COPY SUPER غلاف خشب,250,https://www.royalelchim.app/search?q=PARFUME+HI.COPY+SUPER+غلاف+خشب
PARFUME HI.COPY Tester,75,https://www.royalelchim.app/search?q=PARFUME+HI.COPY+Tester
PARFUME HI.COPY Tester 15 ML,35,https://www.royalelchim.app/search?q=PARFUME+HI.COPY+Tester+15+ML
PARFUME HI.COPY The VOICE,170,https://www.royalelchim.app/search?q=PARFUME+HI.COPY+The+VOICE
PARFUME HI.COPY TOBACCO,150,https://www.royalelchim.app/search?q=PARFUME+HI.COPY+TOBACCO
PARFUME HI.COPY TON FORD BLACK ORCHID,75,https://www.royalelchim.app/search?q=PARFUME+HI.COPY+TON+FORD+BLACK+ORCHID
PARFUME HI.COPY TOP VOICE,85,https://www.royalelchim.app/search?q=PARFUME+HI.COPY+TOP+VOICE
PARFUME HI.COPY Tri,175,https://www.royalelchim.app/search?q=PARFUME+HI.COPY+Tri
PARFUME HI.COPY Very Sexy,190,https://www.royalelchim.app/search?q=PARFUME+HI.COPY+Very+Sexy
PARFUME HI.COPY YES IAM,170,https://www.royalelchim.app/search?q=PARFUME+HI.COPY+YES+IAM
PARFUME HI.COPY You've Got It,145,https://www.royalelchim.app/search?q=PARFUME+HI.COPY+You've+Got+It
PARFUME HI.COPY برفان ت,50,https://www.royalelchim.app/search?q=PARFUME+HI.COPY+برفان+ت
PARFUME HI.COPY برفان مشكل 50مل,75,https://www.royalelchim.app/search?q=PARFUME+HI.COPY+برفان+مشكل+50مل
PARFUME HI.COPY برفان مشكل ت,85,https://www.royalelchim.app/search?q=PARFUME+HI.COPY+برفان+مشكل+ت
PARFUME HI.COPY بوكس اوليمبا+ بوك+انسيال,290,https://www.royalelchim.app/search?q=PARFUME+HI.COPY+بوكس+اوليمبا++بوك+انسيال
PARFUME HI.COPY بوكس برسادين +ساعه,250,https://www.royalelchim.app/search?q=PARFUME+HI.COPY+بوكس+برسادين++ساعه
PARFUME HI.COPY دوليس+ حظاظه,220,https://www.royalelchim.app/search?q=PARFUME+HI.COPY+دوليس++حظاظه
PARFUME HI.COPY فيروز,135,https://www.royalelchim.app/search?q=PARFUME+HI.COPY+فيروز
PARFUME HI.COPY قرطبة,160,https://www.royalelchim.app/search?q=PARFUME+HI.COPY+قرطبة
PARFUME HI.COPY ماء الذهب100م,85,https://www.royalelchim.app/search?q=PARFUME+HI.COPY+ماء+الذهب100م
PARFUME HI.COPY مشكل 100 مللي,150,https://www.royalelchim.app/search?q=PARFUME+HI.COPY+مشكل+100+مللي
PARFUME HI.COPY مشكل 50 مللي,70,https://www.royalelchim.app/search?q=PARFUME+HI.COPY+مشكل+50+مللي
PARFUME OIL 2000Imprial Valley MMQ GM,10,https://www.royalelchim.app/search?q=PARFUME+OIL+2000Imprial+Valley+MMQ+GM
PARFUME OIL AMBER OIL ارجيفل,8,https://www.royalelchim.app/search?q=PARFUME+OIL+AMBER+OIL+ارجيفل
PARFUME OIL AOUD ASPHAN,9,https://www.royalelchim.app/search?q=PARFUME+OIL+AOUD+ASPHAN
PARFUME OIL AOUD WOOD,9,https://www.royalelchim.app/search?q=PARFUME+OIL+AOUD+WOOD
PARFUME OIL AQUA DI GIEO Apa Gm,7,https://www.royalelchim.app/search?q=PARFUME+OIL+AQUA+DI+GIEO+Apa+Gm
PARFUME OIL AQUA DI GIEO 2000 GM,7,https://www.royalelchim.app/search?q=PARFUME+OIL+AQUA+DI+GIEO+2000+GM
PARFUME OIL ARAMES OIL GM,7٫5,https://www.royalelchim.app/search?q=PARFUME+OIL+ARAMES+OIL+GM
PARFUME OIL ARBABORA OIL GM,10,https://www.royalelchim.app/search?q=PARFUME+OIL+ARBABORA+OIL+GM
PARFUME OIL AXE CHOCLATE OIL GM,6,https://www.royalelchim.app/search?q=PARFUME+OIL+AXE+CHOCLATE+OIL+GM
PARFUME OIL AZARO OIL GM,6٫5,https://www.royalelchim.app/search?q=PARFUME+OIL+AZARO+OIL+GM
PARFUME OIL B.M.W OIL GM,7,https://www.royalelchim.app/search?q=PARFUME+OIL+B.M.W+OIL+GM
PARFUME OIL BACRAT ROUGE,7,https://www.royalelchim.app/search?q=PARFUME+OIL+BACRAT+ROUGE
PARFUME OIL BIANCO LATE,7٫5,https://www.royalelchim.app/search?q=PARFUME+OIL+BIANCO+LATE
PARFUME OIL BKHOUR,5,https://www.royalelchim.app/search?q=PARFUME+OIL+BKHOUR
PARFUME OIL BLACK AFGANO 2000,18,https://www.royalelchim.app/search?q=PARFUME+OIL+BLACK+AFGANO+2000
PARFUME OIL BLACK MUSK,7,https://www.royalelchim.app/search?q=PARFUME+OIL+BLACK+MUSK
PARFUME OIL BLACK MUSK سورس Gm,8,https://www.royalelchim.app/search?q=PARFUME+OIL+BLACK+MUSK+سورس+Gm
PARFUME OIL Champion Ml,8,https://www.royalelchim.app/search?q=PARFUME+OIL+Champion+Ml
PARFUME OIL CREED AVENTUS OIL بارف Gm,12,https://www.royalelchim.app/search?q=PARFUME+OIL+CREED+AVENTUS+OIL+بارف+Gm
PARFUME OIL ESCADA SEXY GRAFITTY,5,https://www.royalelchim.app/search?q=PARFUME+OIL+ESCADA+SEXY+GRAFITTY
PARFUME OIL Escape Women Ml,6,https://www.royalelchim.app/search?q=PARFUME+OIL+Escape+Women+Ml
PARFUME OIL Eternity M Ml,7,https://www.royalelchim.app/search?q=PARFUME+OIL+Eternity+M+Ml
PARFUME OIL FANTAZIA BRITNEY SPEARS MMQ GM,7,https://www.royalelchim.app/search?q=PARFUME+OIL+FANTAZIA+BRITNEY+SPEARS+MMQ+GM
PARFUME OIL FARAWAY OIL GM,6٫5,https://www.royalelchim.app/search?q=PARFUME+OIL+FARAWAY+OIL+GM
PARFUME OIL FULL SPEED MMQ GM,8,https://www.royalelchim.app/search?q=PARFUME+OIL+FULL+SPEED+MMQ+GM
PARFUME OIL Gucci Flower Ml,8,https://www.royalelchim.app/search?q=PARFUME+OIL+Gucci+Flower+Ml
PARFUME OIL Hashish بارف,13,https://www.royalelchim.app/search?q=PARFUME+OIL+Hashish+بارف
PARFUME OIL Hugo Man Ml,8,https://www.royalelchim.app/search?q=PARFUME+OIL+Hugo+Man+Ml
PARFUME OIL Invictus Ml,8,https://www.royalelchim.app/search?q=PARFUME+OIL+Invictus+Ml
PARFUME OIL Lacoste Essential Ml,8,https://www.royalelchim.app/search?q=PARFUME+OIL+Lacoste+Essential+Ml
PARFUME OIL Lacoste White Ml,8,https://www.royalelchim.app/search?q=PARFUME+OIL+Lacoste+White+Ml
PARFUME OIL Lexus Ml,8,https://www.royalelchim.app/search?q=PARFUME+OIL+Lexus+Ml
PARFUME OIL LOVE BELL,8,https://www.royalelchim.app/search?q=PARFUME+OIL+LOVE+BELL
PARFUME OIL MESMERRIZE OIL GM,6,https://www.royalelchim.app/search?q=PARFUME+OIL+MESMERRIZE+OIL+GM
PARFUME OIL Olympea Ml,8,https://www.royalelchim.app/search?q=PARFUME+OIL+Olympea+Ml
PARFUME OIL One Man Show اكسبريشن,7,https://www.royalelchim.app/search?q=PARFUME+OIL+One+Man+Show+اكسبريشن
PARFUME OIL Open Ml,7,https://www.royalelchim.app/search?q=PARFUME+OIL+Open+Ml
PARFUME OIL Organza Ml,7,https://www.royalelchim.app/search?q=PARFUME+OIL+Organza+Ml
PARFUME OIL PINK SUGAR 2000 MMQ GM,6,https://www.royalelchim.app/search?q=PARFUME+OIL+PINK+SUGAR+2000+MMQ+GM
PARFUME OIL RARE GOLD OIL GM,7٫5,https://www.royalelchim.app/search?q=PARFUME+OIL+RARE+GOLD+OIL+GM
PARFUME OIL RARE PEARLS OIL GM,5,https://www.royalelchim.app/search?q=PARFUME+OIL+RARE+PEARLS+OIL+GM
PARFUME OIL Reve Voile MMQ GM,8,https://www.royalelchim.app/search?q=PARFUME+OIL+Reve+Voile+MMQ+GM
PARFUME OIL Rochas M Ml,7,https://www.royalelchim.app/search?q=PARFUME+OIL+Rochas+M+Ml
PARFUME OIL Romba Ml,7,https://www.royalelchim.app/search?q=PARFUME+OIL+Romba+Ml
PARFUME OIL ROSE VANILIA ديلبرج,9,https://www.royalelchim.app/search?q=PARFUME+OIL+ROSE+VANILIA+ديلبرج
PARFUME OIL Royal Signture Men 50 Ml,175,https://www.royalelchim.app/search?q=PARFUME+OIL+Royal+Signture+Men+50+Ml
PARFUME OIL Royal Signture Men 50 Ml,150,https://www.royalelchim.app/search?q=PARFUME+OIL+Royal+Signture+Men+50+Ml
PARFUME OIL Royal Signture Ml,13,https://www.royalelchim.app/search?q=PARFUME+OIL+Royal+Signture+Ml
PARFUME OIL Sculpture Ml,7,https://www.royalelchim.app/search?q=PARFUME+OIL+Sculpture+Ml
PARFUME OIL SOUVAGE,8,https://www.royalelchim.app/search?q=PARFUME+OIL+SOUVAGE
PARFUME OIL SOUVAGE 2000 OIL GM,8,https://www.royalelchim.app/search?q=PARFUME+OIL+SOUVAGE+2000+OIL+GM
PARFUME OIL SOUVAGE ELEXIRE,8,https://www.royalelchim.app/search?q=PARFUME+OIL+SOUVAGE+ELEXIRE
PARFUME OIL STRONGER WZ U Ml,9,https://www.royalelchim.app/search?q=PARFUME+OIL+STRONGER+WZ+U+Ml
PARFUME OIL TENDER MY WAY MMQ GM,7,https://www.royalelchim.app/search?q=PARFUME+OIL+TENDER+MY+WAY+MMQ+GM
PARFUME OIL TOBACO VANILIA 2000,7٫5,https://www.royalelchim.app/search?q=PARFUME+OIL+TOBACO+VANILIA+2000
PARFUME OIL TRI HERMES MMQ GM,7,https://www.royalelchim.app/search?q=PARFUME+OIL+TRI+HERMES+MMQ+GM
PARFUME OIL VANILIA OIL GM,4,https://www.royalelchim.app/search?q=PARFUME+OIL+VANILIA+OIL+GM
PARFUME OIL VANILIA POWDER OIL GM,8,https://www.royalelchim.app/search?q=PARFUME+OIL+VANILIA+POWDER+OIL+GM
PARFUME OIL Voyage Ml,8,https://www.royalelchim.app/search?q=PARFUME+OIL+Voyage+Ml
PARFUME OIL White Musk MMQ GM,5,https://www.royalelchim.app/search?q=PARFUME+OIL+White+Musk+MMQ+GM
PARFUME OIL WHITE OUD OIL GM,10٫5,https://www.royalelchim.app/search?q=PARFUME+OIL+WHITE+OUD+OIL+GM
PARFUME OIL Wighte Coffe 40 Ml,125,https://www.royalelchim.app/search?q=PARFUME+OIL+Wighte+Coffe+40+Ml
PARFUME OIL Wighte Coffe 70 Ml,200,https://www.royalelchim.app/search?q=PARFUME+OIL+Wighte+Coffe+70+Ml
PARFUME OIL WOMEN OF EARTH MMQ GM,7٫5,https://www.royalelchim.app/search?q=PARFUME+OIL+WOMEN+OF+EARTH+MMQ+GM
PARFUME OIL XS BLACK LEXEES 2000 OIL GM,7٫5,https://www.royalelchim.app/search?q=PARFUME+OIL+XS+BLACK+LEXEES+2000+OIL+GM
PARFUME OIL Yara Candy Apa,9,https://www.royalelchim.app/search?q=PARFUME+OIL+Yara+Candy+Apa
PARFUME OIL YATAGAN OIL GM,7٫5,https://www.royalelchim.app/search?q=PARFUME+OIL+YATAGAN+OIL+GM
PARFUME OIL تراب الذهب MMQ GM,6,https://www.royalelchim.app/search?q=PARFUME+OIL+تراب+الذهب+MMQ+GM
PARFUME OIL فل,4,https://www.royalelchim.app/search?q=PARFUME+OIL+فل
PARFUME OIL كحول 96 % 1000 ML,140,https://www.royalelchim.app/search?q=PARFUME+OIL+كحول+96+%+1000+ML
PARFUME OIL لطافه خمره دخان,6,https://www.royalelchim.app/search?q=PARFUME+OIL+لطافه+خمره+دخان
PARFUME OIL مسك حنوط GM,4٫5,https://www.royalelchim.app/search?q=PARFUME+OIL+مسك+حنوط+GM
PARFUME OIL مسك طهاره GM,3٫5,https://www.royalelchim.app/search?q=PARFUME+OIL+مسك+طهاره+GM
PARFUME OIL مسك متسلق GM,5,https://www.royalelchim.app/search?q=PARFUME+OIL+مسك+متسلق+GM
PARFUME OIL ياسمين,4,https://www.royalelchim.app/search?q=PARFUME+OIL+ياسمين
PENDULINE SHAMPO 250 ML,95,https://www.royalelchim.app/search?q=PENDULINE+SHAMPO+250+ML
PENDULINE SHAMPO 500 ML,150,https://www.royalelchim.app/search?q=PENDULINE+SHAMPO+500+ML
Pretty Women Eye Brow Mascra,60,https://www.royalelchim.app/search?q=Pretty+Women+Eye+Brow+Mascra
Pretty Women Eye Shadow 24 PALETTE,200,https://www.royalelchim.app/search?q=Pretty+Women+Eye+Shadow+24+PALETTE
Pretty Women Eyeliner Liquide,70,https://www.royalelchim.app/search?q=Pretty+Women+Eyeliner+Liquide
Pretty Women High lighter Powder,50,https://www.royalelchim.app/search?q=Pretty+Women+High+lighter+Powder
Pretty Women LIP GLOSS 7001,55,https://www.royalelchim.app/search?q=Pretty+Women+LIP+GLOSS+7001
Pretty Women Lip Gloss 5320 MAGIC,55,https://www.royalelchim.app/search?q=Pretty+Women+Lip+Gloss+5320+MAGIC
Pretty Women LIPSTICK AOO8,50,https://www.royalelchim.app/search?q=Pretty+Women+LIPSTICK+AOO8
Pretty Women LQUID EYESHADOW,55,https://www.royalelchim.app/search?q=Pretty+Women+LQUID+EYESHADOW
Pretty Women Nail Remover,25,https://www.royalelchim.app/search?q=Pretty+Women+Nail+Remover
Pretty Women احمر خد مروحه,80,https://www.royalelchim.app/search?q=Pretty+Women+احمر+خد+مروحه
Pretty Women اكلادور بريتي ستاند,25,https://www.royalelchim.app/search?q=Pretty+Women+اكلادور+بريتي+ستاند
Pretty Women ايلاينر Water[proof,80,https://www.royalelchim.app/search?q=Pretty+Women+ايلاينر+Water[proof
Pretty Women طقم كريم اساس 3*1,180,https://www.royalelchim.app/search?q=Pretty+Women+طقم+كريم+اساس+3*1
PYRAMIDS COSMETICS SHAVECODE NORMAL SKIN,75,https://www.royalelchim.app/search?q=PYRAMIDS+COSMETICS+SHAVECODE+NORMAL+SKIN
PYRAMIDS COSMETICS SHAVECODE SENSETIVE SKIN,75,https://www.royalelchim.app/search?q=PYRAMIDS+COSMETICS+SHAVECODE+SENSETIVE+SKIN
Royal Elchim Brand AMORA EAU DE TOILETTE 25 ML,50,https://www.royalelchim.app/search?q=Royal+Elchim+Brand+AMORA+EAU+DE+TOILETTE+25+ML
Royal Elchim Brand AZZURRO EAU DE TOILETTE 50 ML,210,https://www.royalelchim.app/search?q=Royal+Elchim+Brand+AZZURRO+EAU+DE+TOILETTE+50+ML
Royal Elchim Brand Black Royal Eau De Parfume 20 Ml,65,https://www.royalelchim.app/search?q=Royal+Elchim+Brand+Black+Royal+Eau+De+Parfume+20+Ml
Royal Elchim Brand Black Royal Eau De Parfume 30 Ml,150,https://www.royalelchim.app/search?q=Royal+Elchim+Brand+Black+Royal+Eau+De+Parfume+30+Ml
Royal Elchim Brand Black Royal Eau De Parfume ML6,35,https://www.royalelchim.app/search?q=Royal+Elchim+Brand+Black+Royal+Eau+De+Parfume+ML6
Royal Elchim Brand Black Royal EAU DE TOILETTE 20 ML,45,https://www.royalelchim.app/search?q=Royal+Elchim+Brand+Black+Royal+EAU+DE+TOILETTE+20+ML
Royal Elchim Brand Black Royal Rolettes 20 Ml,45,https://www.royalelchim.app/search?q=Royal+Elchim+Brand+Black+Royal+Rolettes+20+Ml
Royal Elchim Brand Deva Perfume Stabilizer 1000 Gm,5,https://www.royalelchim.app/search?q=Royal+Elchim+Brand+Deva+Perfume+Stabilizer+1000+Gm
Royal Elchim Brand FUOCO EAU DE TOILETTE 20 ML,50,https://www.royalelchim.app/search?q=Royal+Elchim+Brand+FUOCO+EAU+DE+TOILETTE+20+ML
Royal Elchim Brand New Sexy Eau De Toilette 10 Ml,55,https://www.royalelchim.app/search?q=Royal+Elchim+Brand+New+Sexy+Eau+De+Toilette+10+Ml
Royal Elchim Brand RARE TOUCH EAU DE ARFUME 30 ML,150,https://www.royalelchim.app/search?q=Royal+Elchim+Brand+RARE+TOUCH+EAU+DE+ARFUME+30+ML
Royal Elchim Brand RED TOBACCO 30 ML,100,https://www.royalelchim.app/search?q=Royal+Elchim+Brand+RED+TOBACCO+30+ML
Royal Elchim Brand Roya Amber Queen Eau De Toilette 25 Ml,50,https://www.royalelchim.app/search?q=Royal+Elchim+Brand+Roya+Amber+Queen+Eau+De+Toilette+25+Ml
Royal Elchim Brand Roya Amber Queen Rolettes 4 Ml,25,https://www.royalelchim.app/search?q=Royal+Elchim+Brand+Roya+Amber+Queen+Rolettes+4+Ml
Royal Elchim Brand ROYAL AMBER MUSK EAU DE PARFUME,200,https://www.royalelchim.app/search?q=Royal+Elchim+Brand+ROYAL+AMBER+MUSK+EAU+DE+PARFUME
Royal Elchim Brand ROYAL AMBER MUSK EAU DE PARFUME 12 ML,85,https://www.royalelchim.app/search?q=Royal+Elchim+Brand+ROYAL+AMBER+MUSK+EAU+DE+PARFUME+12+ML
Royal Elchim Brand ROYAL AQUA BLOOM EAU DE TOILETTE 15 ML,50,https://www.royalelchim.app/search?q=Royal+Elchim+Brand+ROYAL+AQUA+BLOOM+EAU+DE+TOILETTE+15+ML
Royal Elchim Brand ROYAL AQUA BLOOM EAU DE TOILETTE 25 ML,50,https://www.royalelchim.app/search?q=Royal+Elchim+Brand+ROYAL+AQUA+BLOOM+EAU+DE+TOILETTE+25+ML
Royal Elchim Brand ROYAL AQUA BLOOM ROLETTES 4 ML,25,https://www.royalelchim.app/search?q=Royal+Elchim+Brand+ROYAL+AQUA+BLOOM+ROLETTES+4+ML
Royal Elchim Brand ROYAL BLACK FANTASIA EAU DE PARFUME 20 ML,85,https://www.royalelchim.app/search?q=Royal+Elchim+Brand+ROYAL+BLACK+FANTASIA+EAU+DE+PARFUME+20+ML
Royal Elchim Brand ROYAL BLACK FANTASIA EAU DE TOILETTE 20 ML,45,https://www.royalelchim.app/search?q=Royal+Elchim+Brand+ROYAL+BLACK+FANTASIA+EAU+DE+TOILETTE+20+ML
Royal Elchim Brand Royal Black Serum Eau De Parfume 30 Ml,150,https://www.royalelchim.app/search?q=Royal+Elchim+Brand+Royal+Black+Serum+Eau+De+Parfume+30+Ml
Royal Elchim Brand ROYAL CODE MASCULINE EAU DE TOILETTE 6 Ml,30,https://www.royalelchim.app/search?q=Royal+Elchim+Brand+ROYAL+CODE+MASCULINE+EAU+DE+TOILETTE+6+Ml
Royal Elchim Brand ROYAL CODE MASCULINE EAU DE TOILETTE 20 ML,40,https://www.royalelchim.app/search?q=Royal+Elchim+Brand+ROYAL+CODE+MASCULINE+EAU+DE+TOILETTE+20+ML
Royal Elchim Brand ROYAL CODE MASCULINE ROLETTES 5 ML,25,https://www.royalelchim.app/search?q=Royal+Elchim+Brand+ROYAL+CODE+MASCULINE+ROLETTES+5+ML
Royal Elchim Brand ROYAL ECLIPSE EAU DE PADFUME 6 ML,30,https://www.royalelchim.app/search?q=Royal+Elchim+Brand+ROYAL+ECLIPSE+EAU+DE+PADFUME+6+ML
Royal Elchim Brand ROYAL ECLIPSE EAU DE TOILETTE 20 ML,40,https://www.royalelchim.app/search?q=Royal+Elchim+Brand+ROYAL+ECLIPSE+EAU+DE+TOILETTE+20+ML
Royal Elchim Brand ROYAL ECLIPSE ROLETTES 4 ML,25,https://www.royalelchim.app/search?q=Royal+Elchim+Brand+ROYAL+ECLIPSE+ROLETTES+4+ML
Royal Elchim Brand ROYAL EKA EAU DE TOILETTE 40 ML,175,https://www.royalelchim.app/search?q=Royal+Elchim+Brand+ROYAL+EKA+EAU+DE+TOILETTE+40+ML
Royal Elchim Brand ROYAL EKA EAU DE TOILETTE 50 ML,220,https://www.royalelchim.app/search?q=Royal+Elchim+Brand+ROYAL+EKA+EAU+DE+TOILETTE+50+ML
Royal Elchim Brand ROYAL ELCHIM - FASIO NOIR EAU DE PARFUME 6 ML,40,https://www.royalelchim.app/search?q=Royal+Elchim+Brand+ROYAL+ELCHIM+-+FASIO+NOIR+EAU+DE+PARFUME+6+ML
Royal Elchim Brand ROYAL ELCHIM - FASIO NOIR EAU DE PARFUME 50 ML,200,https://www.royalelchim.app/search?q=Royal+Elchim+Brand+ROYAL+ELCHIM+-+FASIO+NOIR+EAU+DE+PARFUME+50+ML
Royal Elchim Brand ROYAL ELCHIM DOMINUS EAU DE PARFUME 5 ML,50,https://www.royalelchim.app/search?q=Royal+Elchim+Brand+ROYAL+ELCHIM+DOMINUS+EAU+DE+PARFUME+5+ML
Royal Elchim Brand ROYAL ELCHIM REALITY EAU DE PARFUME 20 ML,100,https://www.royalelchim.app/search?q=Royal+Elchim+Brand+ROYAL+ELCHIM+REALITY+EAU+DE+PARFUME+20+ML
Royal Elchim Brand ROYAL ELCHIM REALITY EAU DE PARFUME 20 ML,175,https://www.royalelchim.app/search?q=Royal+Elchim+Brand+ROYAL+ELCHIM+REALITY+EAU+DE+PARFUME+20+ML
Royal Elchim Brand ROYAL ELCHIM REALITY EAU DE PARFUME 50 ML,300,https://www.royalelchim.app/search?q=Royal+Elchim+Brand+ROYAL+ELCHIM+REALITY+EAU+DE+PARFUME+50+ML
Royal Elchim Brand ROYAL ELCHIM REALITY Eau De Toilette 20 Ml,50,https://www.royalelchim.app/search?q=Royal+Elchim+Brand+ROYAL+ELCHIM+REALITY+Eau+De+Toilette+20+Ml
Royal Elchim Brand ROYAL EVE ROLETTES 4 ML,30,https://www.royalelchim.app/search?q=Royal+Elchim+Brand+ROYAL+EVE+ROLETTES+4+ML
Royal Elchim Brand Royal Faraway Eau De Parfume 10 ML,65,https://www.royalelchim.app/search?q=Royal+Elchim+Brand+Royal+Faraway+Eau+De+Parfume+10+ML
Royal Elchim Brand Royal Faraway Rolettes 4 Ml,25,https://www.royalelchim.app/search?q=Royal+Elchim+Brand+Royal+Faraway+Rolettes+4+Ml
Royal Elchim Brand ROYAL FRESH FASIO EAU DE TOILETTE 5 ML,30,https://www.royalelchim.app/search?q=Royal+Elchim+Brand+ROYAL+FRESH+FASIO+EAU+DE+TOILETTE+5+ML
Royal Elchim Brand ROYAL FRESH FASIO EAU DE TOILETTE 10 ML,65,https://www.royalelchim.app/search?q=Royal+Elchim+Brand+ROYAL+FRESH+FASIO+EAU+DE+TOILETTE+10+ML
Royal Elchim Brand ROYAL FRESH FASIO EAU DE TOILETTE 25 ML,50,https://www.royalelchim.app/search?q=Royal+Elchim+Brand+ROYAL+FRESH+FASIO+EAU+DE+TOILETTE+25+ML
Royal Elchim Brand ROYAL FRESH FASIO EAU DE TOILETTE 50 ML,200,https://www.royalelchim.app/search?q=Royal+Elchim+Brand+ROYAL+FRESH+FASIO+EAU+DE+TOILETTE+50+ML
Royal Elchim Brand ROYAL FRESH OLYMPUS EAU DE PARFUME 10 Ml,65,https://www.royalelchim.app/search?q=Royal+Elchim+Brand+ROYAL+FRESH+OLYMPUS+EAU+DE+PARFUME+10+Ml
Royal Elchim Brand ROYAL FRESH OLYMPUS EAU DE PARFUME 30 ML,150,https://www.royalelchim.app/search?q=Royal+Elchim+Brand+ROYAL+FRESH+OLYMPUS+EAU+DE+PARFUME+30+ML
Royal Elchim Brand ROYAL FRESH OLYMPUS EAU DE TOILETTE 4 ML,25,https://www.royalelchim.app/search?q=Royal+Elchim+Brand+ROYAL+FRESH+OLYMPUS+EAU+DE+TOILETTE+4+ML
Royal Elchim Brand ROYAL FRESH OLYMPUS EAU DE TOILETTE 20 ML,35,https://www.royalelchim.app/search?q=Royal+Elchim+Brand+ROYAL+FRESH+OLYMPUS+EAU+DE+TOILETTE+20+ML
Royal Elchim Brand ROYAL FRESH OLYMPUS EAU DE TOILETTE 25 ML,75,https://www.royalelchim.app/search?q=Royal+Elchim+Brand+ROYAL+FRESH+OLYMPUS+EAU+DE+TOILETTE+25+ML
Royal Elchim Brand ROYAL FRESH OLYMPUS ROLETTES 4 ML,40,https://www.royalelchim.app/search?q=Royal+Elchim+Brand+ROYAL+FRESH+OLYMPUS+ROLETTES+4+ML
Royal Elchim Brand Royal Glow Eau De Parfume 20 Ml,75,https://www.royalelchim.app/search?q=Royal+Elchim+Brand+Royal+Glow+Eau+De+Parfume+20+Ml
Royal Elchim Brand Royal Glow Eau De Parfume 30 Ml,150,https://www.royalelchim.app/search?q=Royal+Elchim+Brand+Royal+Glow+Eau+De+Parfume+30+Ml
Royal Elchim Brand Royal Glow Eau De Parfume ML10,65,https://www.royalelchim.app/search?q=Royal+Elchim+Brand+Royal+Glow+Eau+De+Parfume+ML10
Royal Elchim Brand Royal Glow Eau De Parfume ML6,35,https://www.royalelchim.app/search?q=Royal+Elchim+Brand+Royal+Glow+Eau+De+Parfume+ML6
Royal Elchim Brand Royal Glow EAU DE TOILETTE 25 ML,50,https://www.royalelchim.app/search?q=Royal+Elchim+Brand+Royal+Glow+EAU+DE+TOILETTE+25+ML
Royal Elchim Brand Royal Glow Rolettes 4 Ml,50,https://www.royalelchim.app/search?q=Royal+Elchim+Brand+Royal+Glow+Rolettes+4+Ml
Royal Elchim Brand Royal Glow Rolettes 4 Ml,25,https://www.royalelchim.app/search?q=Royal+Elchim+Brand+Royal+Glow+Rolettes+4+Ml
Royal Elchim Brand Royal Horizon Eau De Parfume 30 Ml,150,https://www.royalelchim.app/search?q=Royal+Elchim+Brand+Royal+Horizon+Eau+De+Parfume+30+Ml
Royal Elchim Brand Royal Horizon Eau De Parfume ML10,65,https://www.royalelchim.app/search?q=Royal+Elchim+Brand+Royal+Horizon+Eau+De+Parfume+ML10
Royal Elchim Brand Royal Horizon Eau De Parfume ML6,35,https://www.royalelchim.app/search?q=Royal+Elchim+Brand+Royal+Horizon+Eau+De+Parfume+ML6
Royal Elchim Brand ROYAL IGNITE EAU DE TOILETTE 30 ML,75,https://www.royalelchim.app/search?q=Royal+Elchim+Brand+ROYAL+IGNITE+EAU+DE+TOILETTE+30+ML
Royal Elchim Brand ROYAL IGNITE EAU DE TOILETTE 50 ML,175,https://www.royalelchim.app/search?q=Royal+Elchim+Brand+ROYAL+IGNITE+EAU+DE+TOILETTE+50+ML
Royal Elchim Brand ROYAL ILLUSION EAU DE PARFUME 30 ML,150,https://www.royalelchim.app/search?q=Royal+Elchim+Brand+ROYAL+ILLUSION+EAU+DE+PARFUME+30+ML
Royal Elchim Brand ROYAL KESH SIGNTURE 20 ML EAU DE TOILETTE,50,https://www.royalelchim.app/search?q=Royal+Elchim+Brand+ROYAL+KESH+SIGNTURE+20+ML+EAU+DE+TOILETTE
Royal Elchim Brand ROYAL KESH SIGNTURE 50 ML EAU DE TOILETTE,175,https://www.royalelchim.app/search?q=Royal+Elchim+Brand+ROYAL+KESH+SIGNTURE+50+ML+EAU+DE+TOILETTE
Royal Elchim Brand ROYAL LEGACY ETERNAL EAU DE PARFUME 6 Ml,35,https://www.royalelchim.app/search?q=Royal+Elchim+Brand+ROYAL+LEGACY+ETERNAL+EAU+DE+PARFUME+6+Ml
Royal Elchim Brand ROYAL LEGACY ETERNAL EAU DE PARFUME 20 ML,55,https://www.royalelchim.app/search?q=Royal+Elchim+Brand+ROYAL+LEGACY+ETERNAL+EAU+DE+PARFUME+20+ML
Royal Elchim Brand ROYAL LEGACY ETERNAL Rolettes 4 Ml,35,https://www.royalelchim.app/search?q=Royal+Elchim+Brand+ROYAL+LEGACY+ETERNAL+Rolettes+4+Ml
Royal Elchim Brand ROYAL MASTERS EAU DE PARFUME LIMITED EDITION,300,https://www.royalelchim.app/search?q=Royal+Elchim+Brand+ROYAL+MASTERS+EAU+DE+PARFUME+LIMITED+EDITION
Royal Elchim Brand ROYAL MEDNIGHT ROSE EAU DE TOILETTE 5 ML,35,https://www.royalelchim.app/search?q=Royal+Elchim+Brand+ROYAL+MEDNIGHT+ROSE+EAU+DE+TOILETTE+5+ML
Royal Elchim Brand ROYAL MEDNIGHT ROSE EAU DE TOILETTE 10 ML,65,https://www.royalelchim.app/search?q=Royal+Elchim+Brand+ROYAL+MEDNIGHT+ROSE+EAU+DE+TOILETTE+10+ML
Royal Elchim Brand ROYAL MEDNIGHT ROSE EAU DE TOILETTE 12 ML,65,https://www.royalelchim.app/search?q=Royal+Elchim+Brand+ROYAL+MEDNIGHT+ROSE+EAU+DE+TOILETTE+12+ML
Royal Elchim Brand ROYAL MEDNIGHT ROSE EAU DE TOILETTE 50 ML,200,https://www.royalelchim.app/search?q=Royal+Elchim+Brand+ROYAL+MEDNIGHT+ROSE+EAU+DE+TOILETTE+50+ML
Royal Elchim Brand Royal Mirag Blend Eau De Parfum 20 Ml,50,https://www.royalelchim.app/search?q=Royal+Elchim+Brand+Royal+Mirag+Blend+Eau+De+Parfum+20+Ml
Royal Elchim Brand ROYAL MIRAGE FUSION EAU DE PARFUME 30 ML,150,https://www.royalelchim.app/search?q=Royal+Elchim+Brand+ROYAL+MIRAGE+FUSION+EAU+DE+PARFUME+30+ML
Royal Elchim Brand ROYAL MOON EAU DE PARFUME 20 ML,35,https://www.royalelchim.app/search?q=Royal+Elchim+Brand+ROYAL+MOON+EAU+DE+PARFUME+20+ML
Royal Elchim Brand ROYAL NOIR SMOKE EAU DE TOILETTE 20 ML,50,https://www.royalelchim.app/search?q=Royal+Elchim+Brand+ROYAL+NOIR+SMOKE+EAU+DE+TOILETTE+20+ML
Royal Elchim Brand ROYAL NOIR SMOKE EAU DE TOILETTE 50 ML,250,https://www.royalelchim.app/search?q=Royal+Elchim+Brand+ROYAL+NOIR+SMOKE+EAU+DE+TOILETTE+50+ML
Royal Elchim Brand ROYAL OCEAN Eau De Toiltte 20 Ml,35,https://www.royalelchim.app/search?q=Royal+Elchim+Brand+ROYAL+OCEAN+Eau+De+Toiltte+20+Ml
Royal Elchim Brand ROYAL OCEAN Roletts 4 Ml,25,https://www.royalelchim.app/search?q=Royal+Elchim+Brand+ROYAL+OCEAN+Roletts+4+Ml
Royal Elchim Brand Royal Oud Shadow Eau De Parfume 4 Ml,50,https://www.royalelchim.app/search?q=Royal+Elchim+Brand+Royal+Oud+Shadow+Eau+De+Parfume+4+Ml
Royal Elchim Brand Royal Pisces - The Dreamer Eau De Parfume 35 Ml,175,https://www.royalelchim.app/search?q=Royal+Elchim+Brand+Royal+Pisces+-+The+Dreamer+Eau+De+Parfume+35+Ml
Royal Elchim Brand Royal Rose Noir Eau De Parfume 30 Ml,150,https://www.royalelchim.app/search?q=Royal+Elchim+Brand+Royal+Rose+Noir+Eau+De+Parfume+30+Ml
Royal Elchim Brand Royal Rose Noir Eau De Parfume Ml10,65,https://www.royalelchim.app/search?q=Royal+Elchim+Brand+Royal+Rose+Noir+Eau+De+Parfume+Ml10
Royal Elchim Brand Royal Rose Noir Eau De Parfume Ml6,35,https://www.royalelchim.app/search?q=Royal+Elchim+Brand+Royal+Rose+Noir+Eau+De+Parfume+Ml6
Royal Elchim Brand Royal Rose Noir EAU DE TOILETTE 6 ML,35,https://www.royalelchim.app/search?q=Royal+Elchim+Brand+Royal+Rose+Noir+EAU+DE+TOILETTE+6+ML
Royal Elchim Brand Royal Rose Noir EAU DE TOILETTE 15 Ml,55,https://www.royalelchim.app/search?q=Royal+Elchim+Brand+Royal+Rose+Noir+EAU+DE+TOILETTE+15+Ml
Royal Elchim Brand Royal Rose Noir Rolettes 4 Ml,50,https://www.royalelchim.app/search?q=Royal+Elchim+Brand+Royal+Rose+Noir+Rolettes+4+Ml
Royal Elchim Brand Royal Rose Noir Rolettes 4 Ml,25,https://www.royalelchim.app/search?q=Royal+Elchim+Brand+Royal+Rose+Noir+Rolettes+4+Ml
Royal Elchim Brand Royal Shadow Eau De Parfume 30 Ml,150,https://www.royalelchim.app/search?q=Royal+Elchim+Brand+Royal+Shadow+Eau+De+Parfume+30+Ml
Royal Elchim Brand Royal Shadow Eau De Parfume ML10,65,https://www.royalelchim.app/search?q=Royal+Elchim+Brand+Royal+Shadow+Eau+De+Parfume+ML10
Royal Elchim Brand Royal Shadow Eau De Parfume ML6,35,https://www.royalelchim.app/search?q=Royal+Elchim+Brand+Royal+Shadow+Eau+De+Parfume+ML6
Royal Elchim Brand Royal Shadow EAU DE TOILETTE 20 Ml,65,https://www.royalelchim.app/search?q=Royal+Elchim+Brand+Royal+Shadow+EAU+DE+TOILETTE+20+Ml
Royal Elchim Brand Royal Shine Eau De Parfume 12 ML,85,https://www.royalelchim.app/search?q=Royal+Elchim+Brand+Royal+Shine+Eau+De+Parfume+12+ML
Royal Elchim Brand Royal Shine Eau De Parfume 30 Ml,150,https://www.royalelchim.app/search?q=Royal+Elchim+Brand+Royal+Shine+Eau+De+Parfume+30+Ml
Royal Elchim Brand Royal Shine Eau De Parfume Ml10,65,https://www.royalelchim.app/search?q=Royal+Elchim+Brand+Royal+Shine+Eau+De+Parfume+Ml10
Royal Elchim Brand Royal Shine Eau De Parfume ML6,35,https://www.royalelchim.app/search?q=Royal+Elchim+Brand+Royal+Shine+Eau+De+Parfume+ML6
Royal Elchim Brand Royal Shine EAU DE TOILETTE 4 ML,25,https://www.royalelchim.app/search?q=Royal+Elchim+Brand+Royal+Shine+EAU+DE+TOILETTE+4+ML
Royal Elchim Brand Royal Shine EAU DE TOILETTE 6 ML,35,https://www.royalelchim.app/search?q=Royal+Elchim+Brand+Royal+Shine+EAU+DE+TOILETTE+6+ML
Royal Elchim Brand Royal Shine EAU DE TOILETTE 15 M,50,https://www.royalelchim.app/search?q=Royal+Elchim+Brand+Royal+Shine+EAU+DE+TOILETTE+15+M
Royal Elchim Brand Royal Shine EAU DE TOILETTE 20 ML,40,https://www.royalelchim.app/search?q=Royal+Elchim+Brand+Royal+Shine+EAU+DE+TOILETTE+20+ML
Royal Elchim Brand Royal Shine EAU DE TOILETTE 25 ML,65,https://www.royalelchim.app/search?q=Royal+Elchim+Brand+Royal+Shine+EAU+DE+TOILETTE+25+ML
Royal Elchim Brand Royal Shine ROLETTES 4 ML,50,https://www.royalelchim.app/search?q=Royal+Elchim+Brand+Royal+Shine+ROLETTES+4+ML
Royal Elchim Brand ROYAL SMOKE RITUAL EAU DE TOILETTE 6 ML,35,https://www.royalelchim.app/search?q=Royal+Elchim+Brand+ROYAL+SMOKE+RITUAL+EAU+DE+TOILETTE+6+ML
Royal Elchim Brand ROYAL SMOKE RITUAL EAU DE TOILETTE 12 ML,65,https://www.royalelchim.app/search?q=Royal+Elchim+Brand+ROYAL+SMOKE+RITUAL+EAU+DE+TOILETTE+12+ML
Royal Elchim Brand ROYAL SMOKE RITUAL EAU DE TOILETTE 30 ML,125,https://www.royalelchim.app/search?q=Royal+Elchim+Brand+ROYAL+SMOKE+RITUAL+EAU+DE+TOILETTE+30+ML
Royal Elchim Brand ROYAL SMOKE RITUAL ROLETTES 4 ML,25,https://www.royalelchim.app/search?q=Royal+Elchim+Brand+ROYAL+SMOKE+RITUAL+ROLETTES+4+ML
Royal Elchim Brand Royal Smoked Waves Eau De Parfume 6 ML,40,https://www.royalelchim.app/search?q=Royal+Elchim+Brand+Royal+Smoked+Waves+Eau+De+Parfume+6+ML
Royal Elchim Brand Royal Smoked Waves Eau De Parfume 12 Ml,70,https://www.royalelchim.app/search?q=Royal+Elchim+Brand+Royal+Smoked+Waves+Eau+De+Parfume+12+Ml
Royal Elchim Brand Royal Smoked Waves Rolettes 4 Ml,35,https://www.royalelchim.app/search?q=Royal+Elchim+Brand+Royal+Smoked+Waves+Rolettes+4+Ml
Royal Elchim Brand Royal Tester 25 Ml,75,https://www.royalelchim.app/search?q=Royal+Elchim+Brand+Royal+Tester+25+Ml
Royal Elchim Brand Royal Tester 35 Ml,85,https://www.royalelchim.app/search?q=Royal+Elchim+Brand+Royal+Tester+35+Ml
Royal Elchim Brand ROYAL VEIL EAU DE TOILETTE عروسه,65,https://www.royalelchim.app/search?q=Royal+Elchim+Brand+ROYAL+VEIL+EAU+DE+TOILETTE+عروسه
Royal Elchim Brand ROYAL VEIL ROLETTES 6 ML,35,https://www.royalelchim.app/search?q=Royal+Elchim+Brand+ROYAL+VEIL+ROLETTES+6+ML
Royal Elchim Brand ROYAL VERGO CODE EAU DE PARFUME 5 ML,25,https://www.royalelchim.app/search?q=Royal+Elchim+Brand+ROYAL+VERGO+CODE+EAU+DE+PARFUME+5+ML
Royal Elchim Brand ROYAL VERGO CODE EAU DE PARFUME 50 ML,180,https://www.royalelchim.app/search?q=Royal+Elchim+Brand+ROYAL+VERGO+CODE+EAU+DE+PARFUME+50+ML
Royal Elchim Brand ROYAL VOYAGER EAU DE PARFUME 5 Ml,25,https://www.royalelchim.app/search?q=Royal+Elchim+Brand+ROYAL+VOYAGER+EAU+DE+PARFUME+5+Ml
Royal Elchim Brand ROYAL VOYAGER EAU DE PARFUME 20 ML,45,https://www.royalelchim.app/search?q=Royal+Elchim+Brand+ROYAL+VOYAGER+EAU+DE+PARFUME+20+ML
Royal Elchim Brand ROYAL VOYAGER EAU DE PARFUME 30 ML,75,https://www.royalelchim.app/search?q=Royal+Elchim+Brand+ROYAL+VOYAGER+EAU+DE+PARFUME+30+ML
Royal Elchim Brand ROYAL VOYAGER EAU DE PARFUME 70 ML,150,https://www.royalelchim.app/search?q=Royal+Elchim+Brand+ROYAL+VOYAGER+EAU+DE+PARFUME+70+ML
Royal Elchim Brand ROYAL WHITE AFGANO EAU DE TOILETTE 20 ML,35,https://www.royalelchim.app/search?q=Royal+Elchim+Brand+ROYAL+WHITE+AFGANO+EAU+DE+TOILETTE+20+ML
Royal Elchim Brand TOUCH ME EAU DE TOILETTE 25 ML,50,https://www.royalelchim.app/search?q=Royal+Elchim+Brand+TOUCH+ME+EAU+DE+TOILETTE+25+ML
Royal Elchim Brand TOUCH ME ROLETTES 4 ML,25,https://www.royalelchim.app/search?q=Royal+Elchim+Brand+TOUCH+ME+ROLETTES+4+ML
Royal Elchim Brand تراب الذهب EAU DE TOILEETE 10 ML,55,https://www.royalelchim.app/search?q=Royal+Elchim+Brand+تراب+الذهب+EAU+DE+TOILEETE+10+ML
Royal Elchim Brand ريفواليه 30 مللي,150,https://www.royalelchim.app/search?q=Royal+Elchim+Brand+ريفواليه+30+مللي
Royal Elchim Brand شغف او دي برافيوم 10 مل,55,https://www.royalelchim.app/search?q=Royal+Elchim+Brand+شغف+او+دي+برافيوم+10+مل
Royal Elchim Brand عروسه Royal Rose Noir Eau De Toilette,35,https://www.royalelchim.app/search?q=Royal+Elchim+Brand+عروسه+Royal+Rose+Noir+Eau+De+Toilette
Royal Elchim Brand عروسه Royal Shine Eau De Toillette,35,https://www.royalelchim.app/search?q=Royal+Elchim+Brand+عروسه+Royal+Shine+Eau+De+Toillette
Royal Elchim Brand عروسه اربــابــــورا 20 مللي,50,https://www.royalelchim.app/search?q=Royal+Elchim+Brand+عروسه+اربــابــــورا+20+مللي
Royal Elchim Brand عروسه اسكيــــب 20 مللي,50,https://www.royalelchim.app/search?q=Royal+Elchim+Brand+عروسه+اسكيــــب+20+مللي
Royal Elchim Brand عروسه اورجانــــزا 20 مللي,50,https://www.royalelchim.app/search?q=Royal+Elchim+Brand+عروسه+اورجانــــزا+20+مللي
Royal Elchim Brand عروسه اوليمبيــــا 20 مللي,50,https://www.royalelchim.app/search?q=Royal+Elchim+Brand+عروسه+اوليمبيــــا+20+مللي
Royal Elchim Brand عروسه بريتني سبيرز 20 مللي,50,https://www.royalelchim.app/search?q=Royal+Elchim+Brand+عروسه+بريتني+سبيرز+20+مللي
Royal Elchim Brand عروسه بلاك افغانــــــــو 20 مللي,50,https://www.royalelchim.app/search?q=Royal+Elchim+Brand+عروسه+بلاك+افغانــــــــو+20+مللي
Royal Elchim Brand عروسه بي ام دبليو 20 مللي,50,https://www.royalelchim.app/search?q=Royal+Elchim+Brand+عروسه+بي+ام+دبليو+20+مللي
Royal Elchim Brand عروسه بيانكولاتيـــه 20 مللي,50,https://www.royalelchim.app/search?q=Royal+Elchim+Brand+عروسه+بيانكولاتيـــه+20+مللي
Royal Elchim Brand عروسه روزفانيـــــلا 20 مللي,50,https://www.royalelchim.app/search?q=Royal+Elchim+Brand+عروسه+روزفانيـــــلا+20+مللي
Royal Elchim Brand عروسه رير بيرلـــز 20 مللي,50,https://www.royalelchim.app/search?q=Royal+Elchim+Brand+عروسه+رير+بيرلـــز+20+مللي
Royal Elchim Brand عروسه رير تاتش 20 مللي,55,https://www.royalelchim.app/search?q=Royal+Elchim+Brand+عروسه+رير+تاتش+20+مللي
Royal Elchim Brand عروسه ريفواليــــه 20 مللي,50,https://www.royalelchim.app/search?q=Royal+Elchim+Brand+عروسه+ريفواليــــه+20+مللي
Royal Elchim Brand عروسه سلفرسنت 20 مللي,50,https://www.royalelchim.app/search?q=Royal+Elchim+Brand+عروسه+سلفرسنت+20+مللي
Royal Elchim Brand عروسه عود اصفهان 20 مللي,50,https://www.royalelchim.app/search?q=Royal+Elchim+Brand+عروسه+عود+اصفهان+20+مللي
Royal Elchim Brand عروسه عود ياسمين 20 مللي,55,https://www.royalelchim.app/search?q=Royal+Elchim+Brand+عروسه+عود+ياسمين+20+مللي
Royal Elchim Brand عروسه فــــارواي 20 مللي,50,https://www.royalelchim.app/search?q=Royal+Elchim+Brand+عروسه+فــــارواي+20+مللي
Royal Elchim Brand عروسه ميدنايت روز 20 مللي,50,https://www.royalelchim.app/search?q=Royal+Elchim+Brand+عروسه+ميدنايت+روز+20+مللي
Royal Elchim Brand عروسه ميكسات 20 مللي,45,https://www.royalelchim.app/search?q=Royal+Elchim+Brand+عروسه+ميكسات+20+مللي
Royal Elchim Brand عروسه يـــاره كاندي 20 مللي,50,https://www.royalelchim.app/search?q=Royal+Elchim+Brand+عروسه+يـــاره+كاندي+20+مللي
Royal Elchim Brand ميكسات شرقي راقي 50 مللي,175,https://www.royalelchim.app/search?q=Royal+Elchim+Brand+ميكسات+شرقي+راقي+50+مللي
Royal Elchim Brand نسيم الغابه Eau De Toilette 50 Ml,185,https://www.royalelchim.app/search?q=Royal+Elchim+Brand+نسيم+الغابه+Eau+De+Toilette+50+Ml
ROZANA BB FONDATION CREAM 4*1 30 Ml,20,https://www.royalelchim.app/search?q=ROZANA+BB+FONDATION+CREAM+4*1+30+Ml
ROZANA BLUSH & SHADOW NO 1,40,https://www.royalelchim.app/search?q=ROZANA+BLUSH+&+SHADOW+NO+1
ROZANA BLUSH & SHADOW NO 2,40,https://www.royalelchim.app/search?q=ROZANA+BLUSH+&+SHADOW+NO+2
ROZANA EYESHADOW NO 1 8COLORS,40,https://www.royalelchim.app/search?q=ROZANA+EYESHADOW+NO+1+8COLORS
ROZANA EYESHADOW NO 4 8COLORS,40,https://www.royalelchim.app/search?q=ROZANA+EYESHADOW+NO+4+8COLORS
ROZANA EYESHADOW NO 5 8COLORS,40,https://www.royalelchim.app/search?q=ROZANA+EYESHADOW+NO+5+8COLORS
ROZANA ROSE WATER175 ML,15,https://www.royalelchim.app/search?q=ROZANA+ROSE+WATER175+ML
ROZANA ROZANA COMPACT POWDER NO 3,35,https://www.royalelchim.app/search?q=ROZANA+ROZANA+COMPACT+POWDER+NO+3
ROZANA TINT ROZANA New,30,https://www.royalelchim.app/search?q=ROZANA+TINT+ROZANA+New
ROZANA اكلادور 15ملي,10,https://www.royalelchim.app/search?q=ROZANA+اكلادور+15ملي
ROZANA عرض مزيل عرق+روج,20,https://www.royalelchim.app/search?q=ROZANA+عرض+مزيل+عرق+روج
ROZANA كحل كاجال,10,https://www.royalelchim.app/search?q=ROZANA+كحل+كاجال
ROZANA مخمرية جيل 50,30,https://www.royalelchim.app/search?q=ROZANA+مخمرية+جيل+50
SANDRA Blusher,35,https://www.royalelchim.app/search?q=SANDRA+Blusher
SANDRA Blusher CREAM TUBE,70,https://www.royalelchim.app/search?q=SANDRA+Blusher+CREAM+TUBE
SANDRA BOOK EYESHADOW,190,https://www.royalelchim.app/search?q=SANDRA+BOOK+EYESHADOW
SANDRA Concealer 402,65,https://www.royalelchim.app/search?q=SANDRA+Concealer+402
SANDRA Concealer Sc144,65,https://www.royalelchim.app/search?q=SANDRA+Concealer+Sc144
SANDRA Concealer Sc404d,65,https://www.royalelchim.app/search?q=SANDRA+Concealer+Sc404d
SANDRA EYEBROW 107,90,https://www.royalelchim.app/search?q=SANDRA+EYEBROW+107
SANDRA Eyeshadow,120,https://www.royalelchim.app/search?q=SANDRA+Eyeshadow
SANDRA Eyeshadow SC105,250,https://www.royalelchim.app/search?q=SANDRA+Eyeshadow+SC105
SANDRA Eyeshadow SC593,235,https://www.royalelchim.app/search?q=SANDRA+Eyeshadow+SC593
SANDRA FOUNDATION,160,https://www.royalelchim.app/search?q=SANDRA+FOUNDATION
SANDRA FOUNDATION 2*1,140,https://www.royalelchim.app/search?q=SANDRA+FOUNDATION+2*1
SANDRA FOUNDATION BB 24H,100,https://www.royalelchim.app/search?q=SANDRA+FOUNDATION+BB+24H
SANDRA FOUNDATION Cream,100,https://www.royalelchim.app/search?q=SANDRA+FOUNDATION+Cream
SANDRA Foundation Bb Cream No 258,120,https://www.royalelchim.app/search?q=SANDRA+Foundation+Bb+Cream+No+258
SANDRA FRESH LOOK SHOWERGEL,40,https://www.royalelchim.app/search?q=SANDRA+FRESH+LOOK+SHOWERGEL
SANDRA FRESH LOOK SHOWERGEL METALIC,40,https://www.royalelchim.app/search?q=SANDRA+FRESH+LOOK+SHOWERGEL+METALIC
SANDRA Lip Gloss No 523,55,https://www.royalelchim.app/search?q=SANDRA+Lip+Gloss+No+523
SANDRA Lip Gloss No 640,65,https://www.royalelchim.app/search?q=SANDRA+Lip+Gloss+No+640
SANDRA Lip Gloss الوان,60,https://www.royalelchim.app/search?q=SANDRA+Lip+Gloss+الوان
SANDRA Lip Gloss Gel,60,https://www.royalelchim.app/search?q=SANDRA+Lip+Gloss+Gel
SANDRA Lip Gloss Gel 525,85,https://www.royalelchim.app/search?q=SANDRA+Lip+Gloss+Gel+525
SANDRA Lip Gloss Gel 548,65,https://www.royalelchim.app/search?q=SANDRA+Lip+Gloss+Gel+548
SANDRA Lip Gloss Gel Sc117,70,https://www.royalelchim.app/search?q=SANDRA+Lip+Gloss+Gel+Sc117
SANDRA Lip Gloss Gel Sc211,60,https://www.royalelchim.app/search?q=SANDRA+Lip+Gloss+Gel+Sc211
SANDRA Lip Gloss magic,60,https://www.royalelchim.app/search?q=SANDRA+Lip+Gloss+magic
SANDRA Lip Gloss magic 545,60,https://www.royalelchim.app/search?q=SANDRA+Lip+Gloss+magic+545
SANDRA Lip Gloss magic NO 648,65,https://www.royalelchim.app/search?q=SANDRA+Lip+Gloss+magic+NO+648
SANDRA Lip Gloss magic SC 579,65,https://www.royalelchim.app/search?q=SANDRA+Lip+Gloss+magic+SC+579
SANDRA Lip Gloss magic Sc544,60,https://www.royalelchim.app/search?q=SANDRA+Lip+Gloss+magic+Sc544
SANDRA Lipgloss,60,https://www.royalelchim.app/search?q=SANDRA+Lipgloss
SANDRA Lipgloss 513,65,https://www.royalelchim.app/search?q=SANDRA+Lipgloss+513
SANDRA Lipgloss 517,60,https://www.royalelchim.app/search?q=SANDRA+Lipgloss+517
SANDRA Lipgloss 566,60,https://www.royalelchim.app/search?q=SANDRA+Lipgloss+566
SANDRA Lipgloss 574,60,https://www.royalelchim.app/search?q=SANDRA+Lipgloss+574
SANDRA LIQUID CONCEALER SANDRA FULL COVERAGE,75,https://www.royalelchim.app/search?q=SANDRA+LIQUID+CONCEALER+SANDRA+FULL+COVERAGE
SANDRA LIQUID CONCEALER SANDRA FULL COVERAGE New,50,https://www.royalelchim.app/search?q=SANDRA+LIQUID+CONCEALER+SANDRA+FULL+COVERAGE+New
SANDRA LIQUID CONCEALER SANDRA Sc228,60,https://www.royalelchim.app/search?q=SANDRA+LIQUID+CONCEALER+SANDRA+Sc228
SANDRA Mascra Aquarius,75,https://www.royalelchim.app/search?q=SANDRA+Mascra+Aquarius
SANDRA Mascra Aquarius 224,75,https://www.royalelchim.app/search?q=SANDRA+Mascra+Aquarius+224
SANDRA Mascra Aquarius 531,75,https://www.royalelchim.app/search?q=SANDRA+Mascra+Aquarius+531
SANDRA Mascra Aquarius 535,80,https://www.royalelchim.app/search?q=SANDRA+Mascra+Aquarius+535
SANDRA Matt Lip Stick,50,https://www.royalelchim.app/search?q=SANDRA+Matt+Lip+Stick
SANDRA Matt Lip Stick 234,50,https://www.royalelchim.app/search?q=SANDRA+Matt+Lip+Stick+234
SANDRA Matt Lip Stick 243,50,https://www.royalelchim.app/search?q=SANDRA+Matt+Lip+Stick+243
SANDRA Matt Lip Stick Sc235,50,https://www.royalelchim.app/search?q=SANDRA+Matt+Lip+Stick+Sc235
SANDRA Matt Lip Stick sc236,45,https://www.royalelchim.app/search?q=SANDRA+Matt+Lip+Stick+sc236
SANDRA Matte Lipgloss,55,https://www.royalelchim.app/search?q=SANDRA+Matte+Lipgloss
SANDRA Matte Lipgloss No 500,55,https://www.royalelchim.app/search?q=SANDRA+Matte+Lipgloss+No+500
SANDRA Matte Lipgloss No 510,60,https://www.royalelchim.app/search?q=SANDRA+Matte+Lipgloss+No+510
SANDRA Matte Lipgloss No 519,55,https://www.royalelchim.app/search?q=SANDRA+Matte+Lipgloss+No+519
SANDRA Matte Lipgloss No 520,55,https://www.royalelchim.app/search?q=SANDRA+Matte+Lipgloss+No+520
SANDRA Tint Blusher Hs.181,55,https://www.royalelchim.app/search?q=SANDRA+Tint+Blusher+Hs.181
SANDRA حمام كريم فريش لوك 500 جم جاف ومجعد,20,https://www.royalelchim.app/search?q=SANDRA+حمام+كريم+فريش+لوك+500+جم+جاف+ومجعد
SANDRA حمام كريم فريش لوك 500 جم مجعد وتالف,20,https://www.royalelchim.app/search?q=SANDRA+حمام+كريم+فريش+لوك+500+جم+مجعد+وتالف
SANDRA روج  كيوتا استيك كود 20,15,https://www.royalelchim.app/search?q=SANDRA+روج++كيوتا+استيك+كود+20
SANDRA روج استيك ساندرا اسود,15,https://www.royalelchim.app/search?q=SANDRA+روج+استيك+ساندرا+اسود
SANDRA روج سايل كيوتا كود 4,20,https://www.royalelchim.app/search?q=SANDRA+روج+سايل+كيوتا+كود+4
SANDRA روج سايل كيوتا كود 4 متنوع,20,https://www.royalelchim.app/search?q=SANDRA+روج+سايل+كيوتا+كود+4+متنوع
SANDRA روج سايل كيوتا كود 9 احمر,20,https://www.royalelchim.app/search?q=SANDRA+روج+سايل+كيوتا+كود+9+احمر
SANDRA روج كيوتا استيك كود 17,15,https://www.royalelchim.app/search?q=SANDRA+روج+كيوتا+استيك+كود+17
SANDRA روج كيوتا استيك كود 21,15,https://www.royalelchim.app/search?q=SANDRA+روج+كيوتا+استيك+كود+21
SANDRA روج كيوتا استيك كود 22,15,https://www.royalelchim.app/search?q=SANDRA+روج+كيوتا+استيك+كود+22
SANDRA روج كيوتا سايل كود 11,20,https://www.royalelchim.app/search?q=SANDRA+روج+كيوتا+سايل+كود+11
SANDRA روج كيوتا سايل كود 3,20,https://www.royalelchim.app/search?q=SANDRA+روج+كيوتا+سايل+كود+3
SANDRA روج كيوتا سايل كود 5 كاشمير,20,https://www.royalelchim.app/search?q=SANDRA+روج+كيوتا+سايل+كود+5+كاشمير
SANDRA روج كيوتا سايل كود 5 متنوع,20,https://www.royalelchim.app/search?q=SANDRA+روج+كيوتا+سايل+كود+5+متنوع
SANDRA روج كيوتا ستيك كود 23,15,https://www.royalelchim.app/search?q=SANDRA+روج+كيوتا+ستيك+كود+23
SANDRA ليفتر ساندرا 117,65,https://www.royalelchim.app/search?q=SANDRA+ليفتر+ساندرا+117
SAVVY انــانــــــــاس 100305/50 1/ml,8,https://www.royalelchim.app/search?q=SAVVY+انــانــــــــاس+100305/50+1/ml
SAVVY بتشـــــــــولــي 100295/50 1/ml,8,https://www.royalelchim.app/search?q=SAVVY+بتشـــــــــولــي+100295/50+1/ml
SAVVY بكرات روج اكسترا 100075/50 ML,17,https://www.royalelchim.app/search?q=SAVVY+بكرات+روج+اكسترا+100075/50+ML
SAVVY ريد توباكـــو 100148/50 ML,11,https://www.royalelchim.app/search?q=SAVVY+ريد+توباكـــو+100148/50+ML
SAVVY عــــــود اصفهـــــــان ديور 100398 1/ml,8,https://www.royalelchim.app/search?q=SAVVY+عــــــود+اصفهـــــــان+ديور+100398+1/ml
SAVVY فواكـــــــه 100192/50 ML,7٫5,https://www.royalelchim.app/search?q=SAVVY+فواكـــــــه+100192/50+ML
SAVVY قهـــــــوه 100208/50 1/ml,8,https://www.royalelchim.app/search?q=SAVVY+قهـــــــوه+100208/50+1/ml
SAVVY مـــــانجــــو 100296/50 1/ml,8,https://www.royalelchim.app/search?q=SAVVY+مـــــانجــــو+100296/50+1/ml
SAVVY مســــك ابيض اكستــرا 100338/50 1/ml,8,https://www.royalelchim.app/search?q=SAVVY+مســــك+ابيض+اكستــرا+100338/50+1/ml
SAVVY مســــك عجايبـــي 100256/50 1/ml,11,https://www.royalelchim.app/search?q=SAVVY+مســــك+عجايبـــي+100256/50+1/ml
SENSODYNE DEEP CLEAN GEL,55,https://www.royalelchim.app/search?q=SENSODYNE+DEEP+CLEAN+GEL
SENSODYNE FLUORIDE 20ML,32,https://www.royalelchim.app/search?q=SENSODYNE+FLUORIDE+20ML
SENSODYNE RABID ACTION 20ML,32,https://www.royalelchim.app/search?q=SENSODYNE+RABID+ACTION+20ML
SINA SHOWERGEL انواع,35,https://www.royalelchim.app/search?q=SINA+SHOWERGEL+انواع
SKY BODY WASH 1000 ML FRENSH PERFUME,70,https://www.royalelchim.app/search?q=SKY+BODY+WASH+1000+ML+FRENSH+PERFUME
SKY BODY WASH 1000 ML ROSE PERFUME,70,https://www.royalelchim.app/search?q=SKY+BODY+WASH+1000+ML+ROSE+PERFUME
SKY CONDITIONER 700 ML ARGAN,75,https://www.royalelchim.app/search?q=SKY+CONDITIONER+700+ML+ARGAN
SKY CONDITIONER 700 ML JOJOBA,75,https://www.royalelchim.app/search?q=SKY+CONDITIONER+700+ML+JOJOBA
SKY CONDITIONER 700 ML OIL OSTRICH,75,https://www.royalelchim.app/search?q=SKY+CONDITIONER+700+ML+OIL+OSTRICH
SKY CONDITIONER 1000 ML ARGAN,75,https://www.royalelchim.app/search?q=SKY+CONDITIONER+1000+ML+ARGAN
SKY CONDITIONER 1000 ML JOJOBA,75,https://www.royalelchim.app/search?q=SKY+CONDITIONER+1000+ML+JOJOBA
SKY CONDITIONER 1000 ML SHEA,75,https://www.royalelchim.app/search?q=SKY+CONDITIONER+1000+ML+SHEA
SKY HAND WASH 1000 ML DOWNPOUP,75,https://www.royalelchim.app/search?q=SKY+HAND+WASH+1000+ML+DOWNPOUP
SKY HAND WASH 1000 ML RECOVERY,75,https://www.royalelchim.app/search?q=SKY+HAND+WASH+1000+ML+RECOVERY
SKY HAND WASH 1000 ML SCOOP,75,https://www.royalelchim.app/search?q=SKY+HAND+WASH+1000+ML+SCOOP
SKY HAND WASH 1000 ML SOFT TOUCH,75,https://www.royalelchim.app/search?q=SKY+HAND+WASH+1000+ML+SOFT+TOUCH
SKY SHAMPO 1000 ML ARGAN,80,https://www.royalelchim.app/search?q=SKY+SHAMPO+1000+ML+ARGAN
SKY SHAMPO 1000 ML JOJOBA,80,https://www.royalelchim.app/search?q=SKY+SHAMPO+1000+ML+JOJOBA
SKY SHAMPO 1000 ML SHEA,80,https://www.royalelchim.app/search?q=SKY+SHAMPO+1000+ML+SHEA
SKY SHAMPO & CONDITIONER 700 ML ARGAN,75,https://www.royalelchim.app/search?q=SKY+SHAMPO+&+CONDITIONER+700+ML+ARGAN
SKY SHAMPO & CONDITIONER 700 ML SHEA,75,https://www.royalelchim.app/search?q=SKY+SHAMPO+&+CONDITIONER+700+ML+SHEA
SPRAY ARMAF,80,https://www.royalelchim.app/search?q=SPRAY+ARMAF
SPRAY Clio 200 Mml,90,https://www.royalelchim.app/search?q=SPRAY+Clio+200+Mml
SPRAY Ditto 1 Billion,77,https://www.royalelchim.app/search?q=SPRAY+Ditto+1+Billion
SPRAY Ditto Aqua,77,https://www.royalelchim.app/search?q=SPRAY+Ditto+Aqua
SPRAY Ditto Black Dakkar,77,https://www.royalelchim.app/search?q=SPRAY+Ditto+Black+Dakkar
SPRAY Ditto Black Tom,77,https://www.royalelchim.app/search?q=SPRAY+Ditto+Black+Tom
SPRAY Ditto Cool Wave,77,https://www.royalelchim.app/search?q=SPRAY+Ditto+Cool+Wave
SPRAY Ditto Escalada,77,https://www.royalelchim.app/search?q=SPRAY+Ditto+Escalada
SPRAY Ditto Flower Baby,77,https://www.royalelchim.app/search?q=SPRAY+Ditto+Flower+Baby
SPRAY Ditto Hoge,77,https://www.royalelchim.app/search?q=SPRAY+Ditto+Hoge
SPRAY Ditto Koko Chance,77,https://www.royalelchim.app/search?q=SPRAY+Ditto+Koko+Chance
SPRAY Ditto Nakrisos,77,https://www.royalelchim.app/search?q=SPRAY+Ditto+Nakrisos
SPRAY Ditto Nice Girl,77,https://www.royalelchim.app/search?q=SPRAY+Ditto+Nice+Girl
SPRAY Ditto Very Attractive,77,https://www.royalelchim.app/search?q=SPRAY+Ditto+Very+Attractive
SPRAY FOGG CELEBRATE,90,https://www.royalelchim.app/search?q=SPRAY+FOGG+CELEBRATE
SPRAY FOGG MARCO,90,https://www.royalelchim.app/search?q=SPRAY+FOGG+MARCO
SPRAY FOGG ROYAL,90,https://www.royalelchim.app/search?q=SPRAY+FOGG+ROYAL
SPRAY FOGG MASTER CEDAR,90,https://www.royalelchim.app/search?q=SPRAY+FOGG+MASTER+CEDAR
SPRAY FOGG MASTER OAK,90,https://www.royalelchim.app/search?q=SPRAY+FOGG+MASTER+OAK
SPRAY Havex Drive,150,https://www.royalelchim.app/search?q=SPRAY+Havex+Drive
SPRAY Havex Duha,150,https://www.royalelchim.app/search?q=SPRAY+Havex+Duha
SPRAY Havex Elation,150,https://www.royalelchim.app/search?q=SPRAY+Havex+Elation
SPRAY Havex Forever,150,https://www.royalelchim.app/search?q=SPRAY+Havex+Forever
SPRAY Havex Fresh Essence,150,https://www.royalelchim.app/search?q=SPRAY+Havex+Fresh+Essence
SPRAY Havex Game On,150,https://www.royalelchim.app/search?q=SPRAY+Havex+Game+On
SPRAY Havex Kinswoman,150,https://www.royalelchim.app/search?q=SPRAY+Havex+Kinswoman
SPRAY Havex Monolith,150,https://www.royalelchim.app/search?q=SPRAY+Havex+Monolith
SPRAY Havex Peumes Magiquse,150,https://www.royalelchim.app/search?q=SPRAY+Havex+Peumes+Magiquse
SPRAY Havex Raptor,150,https://www.royalelchim.app/search?q=SPRAY+Havex+Raptor
SPRAY Kal Angel,100,https://www.royalelchim.app/search?q=SPRAY+Kal+Angel
SPRAY Kal Belle,100,https://www.royalelchim.app/search?q=SPRAY+Kal+Belle
SPRAY Kal Exotic,100,https://www.royalelchim.app/search?q=SPRAY+Kal+Exotic
SPRAY Kal Paradise,100,https://www.royalelchim.app/search?q=SPRAY+Kal+Paradise
SPRAY Kal Queen,100,https://www.royalelchim.app/search?q=SPRAY+Kal+Queen
SPRAY Kal Secret,100,https://www.royalelchim.app/search?q=SPRAY+Kal+Secret
SPRAY L.U.X.E,85,https://www.royalelchim.app/search?q=SPRAY+L.U.X.E
SPRAY L'ORIGINE KNIGHT HOOD,95,https://www.royalelchim.app/search?q=SPRAY+L'ORIGINE+KNIGHT+HOOD
SPRAY L'ORIGINE OCEAN AQUA,95,https://www.royalelchim.app/search?q=SPRAY+L'ORIGINE+OCEAN+AQUA
SPRAY L'ORIGINE SCENT OF SILVER,95,https://www.royalelchim.app/search?q=SPRAY+L'ORIGINE+SCENT+OF+SILVER
SPRAY LA ROSE Atnctive,150,https://www.royalelchim.app/search?q=SPRAY+LA+ROSE+Atnctive
SPRAY LA ROSE Beauty,150,https://www.royalelchim.app/search?q=SPRAY+LA+ROSE+Beauty
SPRAY LA ROSE Breeze,150,https://www.royalelchim.app/search?q=SPRAY+LA+ROSE+Breeze
SPRAY LA ROSE Casual Queen,150,https://www.royalelchim.app/search?q=SPRAY+LA+ROSE+Casual+Queen
SPRAY LA ROSE Endless Love,150,https://www.royalelchim.app/search?q=SPRAY+LA+ROSE+Endless+Love
SPRAY LA ROSE Gold Silk,150,https://www.royalelchim.app/search?q=SPRAY+LA+ROSE+Gold+Silk
SPRAY LA ROSE Green Earth,150,https://www.royalelchim.app/search?q=SPRAY+LA+ROSE+Green+Earth
SPRAY LA ROSE Jungle,150,https://www.royalelchim.app/search?q=SPRAY+LA+ROSE+Jungle
SPRAY LA ROSE Love Rouge,150,https://www.royalelchim.app/search?q=SPRAY+LA+ROSE+Love+Rouge
SPRAY LA ROSE Orange Dusk,150,https://www.royalelchim.app/search?q=SPRAY+LA+ROSE+Orange+Dusk
SPRAY LA ROSE Pink Bubble,150,https://www.royalelchim.app/search?q=SPRAY+LA+ROSE+Pink+Bubble
SPRAY LA ROSE Powerfull,150,https://www.royalelchim.app/search?q=SPRAY+LA+ROSE+Powerfull
SPRAY LA ROSE Prety Girl,150,https://www.royalelchim.app/search?q=SPRAY+LA+ROSE+Prety+Girl
SPRAY LA ROSE Sheer Love,150,https://www.royalelchim.app/search?q=SPRAY+LA+ROSE+Sheer+Love
SPRAY LA ROSE Wonder,150,https://www.royalelchim.app/search?q=SPRAY+LA+ROSE+Wonder
SPRAY Lei Love,80,https://www.royalelchim.app/search?q=SPRAY+Lei+Love
SPRAY Lorigine,90,https://www.royalelchim.app/search?q=SPRAY+Lorigine
SPRAY Prive Xx Black,185,https://www.royalelchim.app/search?q=SPRAY+Prive+Xx+Black
SPRAY Shalsi For Women,100,https://www.royalelchim.app/search?q=SPRAY+Shalsi+For+Women
SPRAY Shalsi Women,100,https://www.royalelchim.app/search?q=SPRAY+Shalsi+Women
SPRAY Ym One & Only,90,https://www.royalelchim.app/search?q=SPRAY+Ym+One+&+Only
SPRAY اسبري مشكل 75 مل,32,https://www.royalelchim.app/search?q=SPRAY+اسبري+مشكل+75+مل
SPRAY كنوز الشام COLDEN RUSH,150,https://www.royalelchim.app/search?q=SPRAY+كنوز+الشام+COLDEN+RUSH
SPRAY كنوز الشام COLDEN RUSH 50 مللي,90,https://www.royalelchim.app/search?q=SPRAY+كنوز+الشام+COLDEN+RUSH+50+مللي
SPRAY كنوز الشام DESIRE ME,150,https://www.royalelchim.app/search?q=SPRAY+كنوز+الشام+DESIRE+ME
SPRAY كنوز الشام DESIRE ME 50 مللي,90,https://www.royalelchim.app/search?q=SPRAY+كنوز+الشام+DESIRE+ME+50+مللي
SPRAY كنوز الشام INCREDIBLE ME,150,https://www.royalelchim.app/search?q=SPRAY+كنوز+الشام+INCREDIBLE+ME
SPRAY كنوز الشام MY DAY,150,https://www.royalelchim.app/search?q=SPRAY+كنوز+الشام+MY+DAY
SPRAY كنوز الشام TOUCH ME,150,https://www.royalelchim.app/search?q=SPRAY+كنوز+الشام+TOUCH+ME
SPRAY كنوز الشام TOUCH ME 50 مللي,90,https://www.royalelchim.app/search?q=SPRAY+كنوز+الشام+TOUCH+ME+50+مللي
STARKY حمام كيلو,38,https://www.royalelchim.app/search?q=STARKY+حمام+كيلو
Style Chic Chic Color,50,https://www.royalelchim.app/search?q=Style+Chic+Chic+Color
UNILIVER Axe Irresistible,145,https://www.royalelchim.app/search?q=UNILIVER+Axe+Irresistible
UNILIVER Axe Pocket Spray,55,https://www.royalelchim.app/search?q=UNILIVER+Axe+Pocket+Spray
UNILIVER Axe Pocket Spray Black,55,https://www.royalelchim.app/search?q=UNILIVER+Axe+Pocket+Spray+Black
UNILIVER Axe Sport Fresh,85,https://www.royalelchim.app/search?q=UNILIVER+Axe+Sport+Fresh
UNILIVER Axe Black,145,https://www.royalelchim.app/search?q=UNILIVER+Axe+Black
UNILIVER Axe Spray Ice Chill,145,https://www.royalelchim.app/search?q=UNILIVER+Axe+Spray+Ice+Chill
UNILIVER Axe Spray Non Stop Fresh,85,https://www.royalelchim.app/search?q=UNILIVER+Axe+Spray+Non+Stop+Fresh
UNILIVER Axe جيب,55,https://www.royalelchim.app/search?q=UNILIVER+Axe+جيب
UNILIVER Clear Men 3*1,90,https://www.royalelchim.app/search?q=UNILIVER+Clear+Men+3*1
UNILIVER Clear Men Deep Clean 360 Ml,137,https://www.royalelchim.app/search?q=UNILIVER+Clear+Men+Deep+Clean+360+Ml
UNILIVER Clear Men Legend 360 Ml,100,https://www.royalelchim.app/search?q=UNILIVER+Clear+Men+Legend+360+Ml
UNILIVER Clear Men Menthol 360ml,130,https://www.royalelchim.app/search?q=UNILIVER+Clear+Men+Menthol+360ml
UNILIVER Clear Men منثينول 180مل,85,https://www.royalelchim.app/search?q=UNILIVER+Clear+Men+منثينول+180مل
UNILIVER Clear Women Soft & Shiny 180 Ml,85,https://www.royalelchim.app/search?q=UNILIVER+Clear+Women+Soft+&+Shiny+180+Ml
UNILIVER Clear Women بالجنزبيل 180ml,85,https://www.royalelchim.app/search?q=UNILIVER+Clear+Women+بالجنزبيل+180ml
UNILIVER Clear Women بالجنزبيل 360 مل,128,https://www.royalelchim.app/search?q=UNILIVER+Clear+Women+بالجنزبيل+360+مل
UNILIVER Clear Women ضد التساقط,95,https://www.royalelchim.app/search?q=UNILIVER+Clear+Women+ضد+التساقط
UNILIVER Closeup 50ml Triple Fresh,25,https://www.royalelchim.app/search?q=UNILIVER+Closeup+50ml+Triple+Fresh
UNILIVER CLOSEUP 100 ML GREEN,50,https://www.royalelchim.app/search?q=UNILIVER+CLOSEUP+100+ML+GREEN
UNILIVER CLOSEUP 100 ML RED,50,https://www.royalelchim.app/search?q=UNILIVER+CLOSEUP+100+ML+RED
UNILIVER Dove Beauty Cream 75 Ml,65,https://www.royalelchim.app/search?q=UNILIVER+Dove+Beauty+Cream+75+Ml
UNILIVER Dove Intensive Cream 75 Ml,65,https://www.royalelchim.app/search?q=UNILIVER+Dove+Intensive+Cream+75+Ml
UNILIVER Dove Roll on Go Fresh,110,https://www.royalelchim.app/search?q=UNILIVER+Dove+Roll+on+Go+Fresh
UNILIVER Dove Roll on Nourishing Secrets,85,https://www.royalelchim.app/search?q=UNILIVER+Dove+Roll+on+Nourishing+Secrets
UNILIVER Dove Roll on Original,110,https://www.royalelchim.app/search?q=UNILIVER+Dove+Roll+on+Original
UNILIVER Dove Shampo 180 Ml الاصلاح المكثف,90,https://www.royalelchim.app/search?q=UNILIVER+Dove+Shampo+180+Ml+الاصلاح+المكثف
UNILIVER Dove Shampo 180 Ml ضد تساقط,90,https://www.royalelchim.app/search?q=UNILIVER+Dove+Shampo+180+Ml+ضد+تساقط
UNILIVER Dove Shampo 350 Ml,120,https://www.royalelchim.app/search?q=UNILIVER+Dove+Shampo+350+Ml
UNILIVER Dove Shampo 2*1 Hair Fall Rescue 400 ML,118,https://www.royalelchim.app/search?q=UNILIVER+Dove+Shampo+2*1+Hair+Fall+Rescue+400+ML
UNILIVER Dove Shampo 2*1 INTENSIVE REPAIR 400 ML,118,https://www.royalelchim.app/search?q=UNILIVER+Dove+Shampo+2*1+INTENSIVE+REPAIR+400+ML
UNILIVER Dove Shampo 2*1 NOURISHING OIL CARE 400 ML,118,https://www.royalelchim.app/search?q=UNILIVER+Dove+Shampo+2*1+NOURISHING+OIL+CARE+400+ML
UNILIVER Dove Soap Shea butter خصم 3جنيه,45,https://www.royalelchim.app/search?q=UNILIVER+Dove+Soap+Shea+butter+خصم+3جنيه
UNILIVER Dove Spry Go Fresh 20% OFF,130,https://www.royalelchim.app/search?q=UNILIVER+Dove+Spry+Go+Fresh+20%+OFF
UNILIVER Dove Spry Orignal,172,https://www.royalelchim.app/search?q=UNILIVER+Dove+Spry+Orignal
UNILIVER Dove صابون Pink,37,https://www.royalelchim.app/search?q=UNILIVER+Dove+صابون+Pink
UNILIVER FAIR & LOVELY 18 Gm Serum In,20,https://www.royalelchim.app/search?q=UNILIVER+FAIR+&+LOVELY+18+Gm+Serum+In
UNILIVER FAIR & LOVELY 40 ML خصم 1 جنيه,40,https://www.royalelchim.app/search?q=UNILIVER+FAIR+&+LOVELY+40+ML+خصم+1+جنيه
UNILIVER FAIR & LOVELY 90 G,75,https://www.royalelchim.app/search?q=UNILIVER+FAIR+&+LOVELY+90+G
UNILIVER HAND WASH DOVE,90,https://www.royalelchim.app/search?q=UNILIVER+HAND+WASH+DOVE
UNILIVER Leave In Dove,240,https://www.royalelchim.app/search?q=UNILIVER+Leave+In+Dove
UNILIVER Lifeboy 75 G,20,https://www.royalelchim.app/search?q=UNILIVER+Lifeboy+75+G
UNILIVER Lifeboy 115G,30,https://www.royalelchim.app/search?q=UNILIVER+Lifeboy+115G
UNILIVER Lux Romantic Hibiscus 250ml,60,https://www.royalelchim.app/search?q=UNILIVER+Lux+Romantic+Hibiscus+250ml
UNILIVER Lux Shower حلم السعاده,35٫7,https://www.royalelchim.app/search?q=UNILIVER+Lux+Shower+حلم+السعاده
UNILIVER Lux Shower سحر زهرة الاوركيد,60,https://www.royalelchim.app/search?q=UNILIVER+Lux+Shower+سحر+زهرة+الاوركيد
UNILIVER Rexona 20 Ml Bamboo,40,https://www.royalelchim.app/search?q=UNILIVER+Rexona+20+Ml+Bamboo
UNILIVER Rexona 20 Ml Powder Dry,40,https://www.royalelchim.app/search?q=UNILIVER+Rexona+20+Ml+Powder+Dry
UNILIVER Rexona 20 Ml Quantum,35,https://www.royalelchim.app/search?q=UNILIVER+Rexona+20+Ml+Quantum
UNILIVER Rexona 20 Ml Shower Fresh F,40,https://www.royalelchim.app/search?q=UNILIVER+Rexona+20+Ml+Shower+Fresh+F
UNILIVER Rexona 20 Ml Xtra Cool,40,https://www.royalelchim.app/search?q=UNILIVER+Rexona+20+Ml+Xtra+Cool
UNILIVER Rexona 50 Ml Advanced,82,https://www.royalelchim.app/search?q=UNILIVER+Rexona+50+Ml+Advanced
UNILIVER Rexona 50 Ml Bambo 50ML,82,https://www.royalelchim.app/search?q=UNILIVER+Rexona+50+Ml+Bambo+50ML
UNILIVER REXONA 50 ML BAMBOO,60,https://www.royalelchim.app/search?q=UNILIVER+REXONA+50+ML+BAMBOO
UNILIVER Rexona 50 Ml Charcoal Fresh,85,https://www.royalelchim.app/search?q=UNILIVER+Rexona+50+Ml+Charcoal+Fresh
UNILIVER Rexona 50 Ml Invisibler,75,https://www.royalelchim.app/search?q=UNILIVER+Rexona+50+Ml+Invisibler
UNILIVER Rexona 50 Ml MINT,82,https://www.royalelchim.app/search?q=UNILIVER+Rexona+50+Ml+MINT
UNILIVER Rexona 50 Ml Peach,85,https://www.royalelchim.app/search?q=UNILIVER+Rexona+50+Ml+Peach
UNILIVER Rexona 50 Ml Powder Dry,82,https://www.royalelchim.app/search?q=UNILIVER+Rexona+50+Ml+Powder+Dry
UNILIVER Rexona 50 Ml Shower Fresh,85,https://www.royalelchim.app/search?q=UNILIVER+Rexona+50+Ml+Shower+Fresh
UNILIVER REXONA 50 ML WORKOUT,85,https://www.royalelchim.app/search?q=UNILIVER+REXONA+50+ML+WORKOUT
UNILIVER Rexona 50 Ml Xtra Cool,82,https://www.royalelchim.app/search?q=UNILIVER+Rexona+50+Ml+Xtra+Cool
UNILIVER Rexona 50 Ml نعناع,85,https://www.royalelchim.app/search?q=UNILIVER+Rexona+50+Ml+نعناع
UNILIVER REXONA SPRAY 150 Ml Invisible,95,https://www.royalelchim.app/search?q=UNILIVER+REXONA+SPRAY+150+Ml+Invisible
UNILIVER REXONA SPRAY Bamboo& Aloe,140,https://www.royalelchim.app/search?q=UNILIVER+REXONA+SPRAY+Bamboo&+Aloe
UNILIVER Rexona Spray Black & Whait,162,https://www.royalelchim.app/search?q=UNILIVER+Rexona+Spray+Black+&+Whait
UNILIVER REXONA SPRAY INVISIBLE,175,https://www.royalelchim.app/search?q=UNILIVER+REXONA+SPRAY+INVISIBLE
UNILIVER Rexona Spray Man,155,https://www.royalelchim.app/search?q=UNILIVER+Rexona+Spray+Man
UNILIVER REXONA SPRAY Peach,150,https://www.royalelchim.app/search?q=UNILIVER+REXONA+SPRAY+Peach
UNILIVER REXONA SPRAY Shower Fresh,150,https://www.royalelchim.app/search?q=UNILIVER+REXONA+SPRAY+Shower+Fresh
UNILIVER Signal 20ml,15,https://www.royalelchim.app/search?q=UNILIVER+Signal+20ml
UNILIVER Signal 25 Ml Normal,15,https://www.royalelchim.app/search?q=UNILIVER+Signal+25+Ml+Normal
UNILIVER Signal 50ml 15%,30,https://www.royalelchim.app/search?q=UNILIVER+Signal+50ml+15%
UNILIVER Signal 50ml Charcoal,35,https://www.royalelchim.app/search?q=UNILIVER+Signal+50ml+Charcoal
UNILIVER Signal 50ml Whitening,32٫5,https://www.royalelchim.app/search?q=UNILIVER+Signal+50ml+Whitening
UNILIVER Signal 50ml عرض فرشه,20,https://www.royalelchim.app/search?q=UNILIVER+Signal+50ml+عرض+فرشه
UNILIVER Signal 50ml قرنفيل,35,https://www.royalelchim.app/search?q=UNILIVER+Signal+50ml+قرنفيل
UNILIVER Signal 145 Ml هديه سيجنال 25مل,50٫5,https://www.royalelchim.app/search?q=UNILIVER+Signal+145+Ml+هديه+سيجنال+25مل
UNILIVER Signal WHITENING 50ML,37,https://www.royalelchim.app/search?q=UNILIVER+Signal+WHITENING+50ML
UNILIVER Signal WHITENING Now,90,https://www.royalelchim.app/search?q=UNILIVER+Signal+WHITENING+Now
UNILIVER Signal اعشاب,60,https://www.royalelchim.app/search?q=UNILIVER+Signal+اعشاب
UNILIVER Signal قرنفل,60,https://www.royalelchim.app/search?q=UNILIVER+Signal+قرنفل
UNILIVER Signal منع نزيف اللثه,58,https://www.royalelchim.app/search?q=UNILIVER+Signal+منع+نزيف+اللثه
UNILIVER SUNSILK 180ml Shampoo,55,https://www.royalelchim.app/search?q=UNILIVER+SUNSILK+180ml+Shampoo
UNILIVER SUNSILK 350ml Homey,88,https://www.royalelchim.app/search?q=UNILIVER+SUNSILK+350ml+Homey
UNILIVER SUNSILK 350ml كثيف و طويل,68,https://www.royalelchim.app/search?q=UNILIVER+SUNSILK+350ml+كثيف+و+طويل
UNILIVER SUNSILK بديل زيت عسل,110,https://www.royalelchim.app/search?q=UNILIVER+SUNSILK+بديل+زيت+عسل
UNILIVER SUNSILK Oil Replacement Coconut 300 Ml,110,https://www.royalelchim.app/search?q=UNILIVER+SUNSILK+Oil+Replacement+Coconut+300+Ml
UNILIVER Tresemme Conditioner 400ml ترطيب للشعر الكيرلي,55,https://www.royalelchim.app/search?q=UNILIVER+Tresemme+Conditioner+400ml+ترطيب+للشعر+الكيرلي
UNILIVER Tresemme shampo 50% خصم بلسم,255,https://www.royalelchim.app/search?q=UNILIVER+Tresemme+shampo+50%+خصم+بلسم
UNILIVER Tresemme shampo 200 Ml Kiratin,35,https://www.royalelchim.app/search?q=UNILIVER+Tresemme+shampo+200+Ml+Kiratin
UNILIVER Vasline 50ml,60,https://www.royalelchim.app/search?q=UNILIVER+Vasline+50ml
UNILIVER Vasline 100 Ml,72,https://www.royalelchim.app/search?q=UNILIVER+Vasline+100+Ml
UNILIVER Vasline 200 ML COCOA RADIANT,115,https://www.royalelchim.app/search?q=UNILIVER+Vasline+200+ML+COCOA+RADIANT
UNILIVER Vasline LIP THERAPY ALOE,80,https://www.royalelchim.app/search?q=UNILIVER+Vasline+LIP+THERAPY+ALOE
UNILIVER شامبو كلير 90مل,40,https://www.royalelchim.app/search?q=UNILIVER+شامبو+كلير+90مل
UNILIVER صابون دووف,45,https://www.royalelchim.app/search?q=UNILIVER+صابون+دووف
UNILIVER عرض اكس+شامبو,175,https://www.royalelchim.app/search?q=UNILIVER+عرض+اكس+شامبو
VATIKA CONDITIONING HAMMAM CREAM OLIVE & ALMOND 250G,18,https://www.royalelchim.app/search?q=VATIKA+CONDITIONING+HAMMAM+CREAM+OLIVE+&+ALMOND+250G
VATIKA CONDITIONING HAMMAM CREAM WHEAT GERM 500G,30,https://www.royalelchim.app/search?q=VATIKA+CONDITIONING+HAMMAM+CREAM+WHEAT+GERM+500G
VATIKA DERMOVIVA 50 ML ALMOND,30,https://www.royalelchim.app/search?q=VATIKA+DERMOVIVA+50+ML+ALMOND
VATIKA HAIR OIL Argan 180 Ml,20,https://www.royalelchim.app/search?q=VATIKA+HAIR+OIL+Argan+180+Ml
VATIKA HAIR OIL WATERCRESS 45ML,10,https://www.royalelchim.app/search?q=VATIKA+HAIR+OIL+WATERCRESS+45ML
VATIKA HAIR SERUM REPAIR & RESTORE 47 ML,65,https://www.royalelchim.app/search?q=VATIKA+HAIR+SERUM+REPAIR+&+RESTORE+47+ML
VATIKA HENNA BLACK,30,https://www.royalelchim.app/search?q=VATIKA+HENNA+BLACK
VATIKA HENNA BROWN,30,https://www.royalelchim.app/search?q=VATIKA+HENNA+BROWN
VATIKA بديل زيت اصلاح شعر,75,https://www.royalelchim.app/search?q=VATIKA+بديل+زيت+اصلاح+شعر
VEBIX BLUE ACTIVE 10 ML,38,https://www.royalelchim.app/search?q=VEBIX+BLUE+ACTIVE+10+ML
VEBIX CLASSIC 10 ML,38,https://www.royalelchim.app/search?q=VEBIX+CLASSIC+10+ML
VEBIX MYSTIC 10 ML,38,https://www.royalelchim.app/search?q=VEBIX+MYSTIC+10+ML
VEBIX ROLL ON ASPIRE,40,https://www.royalelchim.app/search?q=VEBIX+ROLL+ON+ASPIRE
VEBIX ROLL ON FRESH ENERGY,40,https://www.royalelchim.app/search?q=VEBIX+ROLL+ON+FRESH+ENERGY
Violet شامبو 4 لتر,140,https://www.royalelchim.app/search?q=Violet+شامبو+4+لتر
Virona قطن اذن 100 عود,13٫5,https://www.royalelchim.app/search?q=Virona+قطن+اذن+100+عود
Virona قطن اذن 200 عود,25,https://www.royalelchim.app/search?q=Virona+قطن+اذن+200+عود
WINNEY Body Wash 800 Ml Flower,50,https://www.royalelchim.app/search?q=WINNEY+Body+Wash+800+Ml+Flower
WINNEY Body Wash 800 Ml Oud,50,https://www.royalelchim.app/search?q=WINNEY+Body+Wash+800+Ml+Oud
WINNEY Body Wash 800 Ml Romance,50,https://www.royalelchim.app/search?q=WINNEY+Body+Wash+800+Ml+Romance
WINNEY Hand Wash 500 Flower,35,https://www.royalelchim.app/search?q=WINNEY+Hand+Wash+500+Flower
WINNEY Hand Wash 500 Fruit,35,https://www.royalelchim.app/search?q=WINNEY+Hand+Wash+500+Fruit
WINNEY Hand Wash 500 Oud,35,https://www.royalelchim.app/search?q=WINNEY+Hand+Wash+500+Oud
WINNEY Hand Wash 500 Romance,35,https://www.royalelchim.app/search?q=WINNEY+Hand+Wash+500+Romance
WINNEY Hand Wash 500 Waves,35,https://www.royalelchim.app/search?q=WINNEY+Hand+Wash+500+Waves
WINNEY Winney Tol 500 Gm,35,https://www.royalelchim.app/search?q=WINNEY+Winney+Tol+500+Gm
WINNEY صابون سايبل 5 لتر,80,https://www.royalelchim.app/search?q=WINNEY+صابون+سايبل+5+لتر
WINNEY صابون سايل 4 لتر,67٫5,https://www.royalelchim.app/search?q=WINNEY+صابون+سايل+4+لتر
WINNEY معطر ملابس 1 لتر,32٫5,https://www.royalelchim.app/search?q=WINNEY+معطر+ملابس+1+لتر
WINNEY معطر ملابس 3 لتر,77٫5,https://www.royalelchim.app/search?q=WINNEY+معطر+ملابس+3+لتر
WINNEY منظف زجاج عرض,35,https://www.royalelchim.app/search?q=WINNEY+منظف+زجاج+عرض
ZEDORA تفتيح بالحليب 300 ML,45,https://www.royalelchim.app/search?q=ZEDORA+تفتيح+بالحليب+300+ML
ZEDORA تفتيح بالنعناع 300 ML,45,https://www.royalelchim.app/search?q=ZEDORA+تفتيح+بالنعناع+300+ML
ZEDORA قناع الطمي الطبيعي 300 ML,45,https://www.royalelchim.app/search?q=ZEDORA+قناع+الطمي+الطبيعي+300+ML
ZEDORA كريم صنفره بالفراوله 300 ML,45,https://www.royalelchim.app/search?q=ZEDORA+كريم+صنفره+بالفراوله+300+ML
اجهزه وعده 5IN1 BEAUTY CARE MASSAGER,60,https://www.royalelchim.app/search?q=اجهزه+وعده+5IN1+BEAUTY+CARE+MASSAGER
اجهزه وعده Ba - 237 BarBieliss,310,https://www.royalelchim.app/search?q=اجهزه+وعده+Ba+-+237+BarBieliss
اجهزه وعده BABYBALISS BA-424,700,https://www.royalelchim.app/search?q=اجهزه+وعده+BABYBALISS+BA-424
اجهزه وعده BABYBALISS DMO,650,https://www.royalelchim.app/search?q=اجهزه+وعده+BABYBALISS+DMO
اجهزه وعده Barbieliss Ba-238,500,https://www.royalelchim.app/search?q=اجهزه+وعده+Barbieliss+Ba-238
اجهزه وعده Baufiy Nail Lamp 36w,200,https://www.royalelchim.app/search?q=اجهزه+وعده+Baufiy+Nail+Lamp+36w
اجهزه وعده BEUTY INSIDE 33,1350,https://www.royalelchim.app/search?q=اجهزه+وعده+BEUTY+INSIDE+33
اجهزه وعده Blawless 2*1,175,https://www.royalelchim.app/search?q=اجهزه+وعده+Blawless+2*1
اجهزه وعده BROWNS BS-1888,850,https://www.royalelchim.app/search?q=اجهزه+وعده+BROWNS+BS-1888
اجهزه وعده BROWNS BS-3010,400,https://www.royalelchim.app/search?q=اجهزه+وعده+BROWNS+BS-3010
اجهزه وعده BROWNS BS2219,520,https://www.royalelchim.app/search?q=اجهزه+وعده+BROWNS+BS2219
اجهزه وعده CRONIER Cr 9010,160,https://www.royalelchim.app/search?q=اجهزه+وعده+CRONIER+Cr+9010
اجهزه وعده CRONIER Cr-2017,600,https://www.royalelchim.app/search?q=اجهزه+وعده+CRONIER+Cr-2017
اجهزه وعده CRONIER CR-962,400,https://www.royalelchim.app/search?q=اجهزه+وعده+CRONIER+CR-962
اجهزه وعده DRILL PRO ZS-702,1800,https://www.royalelchim.app/search?q=اجهزه+وعده+DRILL+PRO+ZS-702
اجهزه وعده ELCHIM 3900 DRYER HAIR DRYER HEALTHY IONIC,2700,https://www.royalelchim.app/search?q=اجهزه+وعده+ELCHIM+3900+DRYER+HAIR+DRYER+HEALTHY+IONIC
اجهزه وعده ELECTRIC NAIL DRILL 302,1000,https://www.royalelchim.app/search?q=اجهزه+وعده+ELECTRIC+NAIL+DRILL+302
اجهزه وعده ENZO DRAYER 3000 7500 WATT,700,https://www.royalelchim.app/search?q=اجهزه+وعده+ENZO+DRAYER+3000+7500+WATT
اجهزه وعده Flaw Lbss 18k,150,https://www.royalelchim.app/search?q=اجهزه+وعده+Flaw+Lbss+18k
اجهزه وعده Flaw Lbss Pedi,220,https://www.royalelchim.app/search?q=اجهزه+وعده+Flaw+Lbss+Pedi
اجهزه وعده FOREO,65,https://www.royalelchim.app/search?q=اجهزه+وعده+FOREO
اجهزه وعده GTS 1320,375,https://www.royalelchim.app/search?q=اجهزه+وعده+GTS+1320
اجهزه وعده Hair Drayer Mini,100,https://www.royalelchim.app/search?q=اجهزه+وعده+Hair+Drayer+Mini
اجهزه وعده HAIRPRESS COMB,250,https://www.royalelchim.app/search?q=اجهزه+وعده+HAIRPRESS+COMB
اجهزه وعده Hot And Cold Skin Care Device D002,900,https://www.royalelchim.app/search?q=اجهزه+وعده+Hot+And+Cold+Skin+Care+Device+D002
اجهزه وعده ICE ROLLER,65,https://www.royalelchim.app/search?q=اجهزه+وعده+ICE+ROLLER
اجهزه وعده KEMEI 127,600,https://www.royalelchim.app/search?q=اجهزه+وعده+KEMEI+127
اجهزه وعده KEMEI 1947,950,https://www.royalelchim.app/search?q=اجهزه+وعده+KEMEI+1947
اجهزه وعده Kemei 201B,110,https://www.royalelchim.app/search?q=اجهزه+وعده+Kemei+201B
اجهزه وعده KEMEI 2026,1100,https://www.royalelchim.app/search?q=اجهزه+وعده+KEMEI+2026
اجهزه وعده KEMEI 2616,550,https://www.royalelchim.app/search?q=اجهزه+وعده+KEMEI+2616
اجهزه وعده Kemei 3024,400,https://www.royalelchim.app/search?q=اجهزه+وعده+Kemei+3024
اجهزه وعده KEMEI 4IN1 KM-6637,275,https://www.royalelchim.app/search?q=اجهزه+وعده+KEMEI+4IN1+KM-6637
اجهزه وعده KEMEI 5020,300,https://www.royalelchim.app/search?q=اجهزه+وعده+KEMEI+5020
اجهزه وعده Kemei 580 A,375,https://www.royalelchim.app/search?q=اجهزه+وعده+Kemei+580+A
اجهزه وعده KEMEI 9370,400,https://www.royalelchim.app/search?q=اجهزه+وعده+KEMEI+9370
اجهزه وعده KEMEI KM-189A,500,https://www.royalelchim.app/search?q=اجهزه+وعده+KEMEI+KM-189A
اجهزه وعده KEMEI KM-2068,700,https://www.royalelchim.app/search?q=اجهزه+وعده+KEMEI+KM-2068
اجهزه وعده Kemei Km-2199 5*1,950,https://www.royalelchim.app/search?q=اجهزه+وعده+Kemei+Km-2199+5*1
اجهزه وعده MASSAGE SK-368,650,https://www.royalelchim.app/search?q=اجهزه+وعده+MASSAGE+SK-368
اجهزه وعده Mavi Drayer,1350,https://www.royalelchim.app/search?q=اجهزه+وعده+Mavi+Drayer
اجهزه وعده MAVI GOLD,700,https://www.royalelchim.app/search?q=اجهزه+وعده+MAVI+GOLD
اجهزه وعده MAX 3000 ITALY 9933 Hm,900,https://www.royalelchim.app/search?q=اجهزه+وعده+MAX+3000+ITALY+9933+Hm
اجهزه وعده Max Brawn,85,https://www.royalelchim.app/search?q=اجهزه+وعده+Max+Brawn
اجهزه وعده MINI SHAVER,500,https://www.royalelchim.app/search?q=اجهزه+وعده+MINI+SHAVER
اجهزه وعده MOEHAIR 32 BLUE,850,https://www.royalelchim.app/search?q=اجهزه+وعده+MOEHAIR+32+BLUE
اجهزه وعده MOSER HAIR STRALGHTENER BRUSH MS-380,400,https://www.royalelchim.app/search?q=اجهزه+وعده+MOSER+HAIR+STRALGHTENER+BRUSH+MS-380
اجهزه وعده MUYE 8815,220,https://www.royalelchim.app/search?q=اجهزه+وعده+MUYE+8815
اجهزه وعده NAIL DRILL JMD 107,1500,https://www.royalelchim.app/search?q=اجهزه+وعده+NAIL+DRILL+JMD+107
اجهزه وعده PORTABLE BEAUTY MACHIME,2500,https://www.royalelchim.app/search?q=اجهزه+وعده+PORTABLE+BEAUTY+MACHIME
اجهزه وعده PORTABLE NANO ATOMIZER,700,https://www.royalelchim.app/search?q=اجهزه+وعده+PORTABLE+NANO+ATOMIZER
اجهزه وعده Portable Oxygen Injetor Metal,1250,https://www.royalelchim.app/search?q=اجهزه+وعده+Portable+Oxygen+Injetor+Metal
اجهزه وعده PRO WAX 100,285,https://www.royalelchim.app/search?q=اجهزه+وعده+PRO+WAX+100
اجهزه وعده ROCKET TENS THEAPY,190,https://www.royalelchim.app/search?q=اجهزه+وعده+ROCKET+TENS+THEAPY
اجهزه وعده Rozia 207,100,https://www.royalelchim.app/search?q=اجهزه+وعده+Rozia+207
اجهزه وعده SKINCARE,1500,https://www.royalelchim.app/search?q=اجهزه+وعده+SKINCARE
اجهزه وعده SKINCARE OPTION A-6,2000,https://www.royalelchim.app/search?q=اجهزه+وعده+SKINCARE+OPTION+A-6
اجهزه وعده SOKANY HS 984,1100,https://www.royalelchim.app/search?q=اجهزه+وعده+SOKANY+HS+984
اجهزه وعده SOKANY 8288,750,https://www.royalelchim.app/search?q=اجهزه+وعده+SOKANY+8288
اجهزه وعده SOKANY 950B,750,https://www.royalelchim.app/search?q=اجهزه+وعده+SOKANY+950B
اجهزه وعده Sokany 955,550,https://www.royalelchim.app/search?q=اجهزه+وعده+Sokany+955
اجهزه وعده SOKANY HS-025A CERAMIC,950,https://www.royalelchim.app/search?q=اجهزه+وعده+SOKANY+HS-025A+CERAMIC
اجهزه وعده Sokany Zj-618,650,https://www.royalelchim.app/search?q=اجهزه+وعده+Sokany+Zj-618
اجهزه وعده SONIFER 9517,600,https://www.royalelchim.app/search?q=اجهزه+وعده+SONIFER+9517
اجهزه وعده Sun Mini 6w,175,https://www.royalelchim.app/search?q=اجهزه+وعده+Sun+Mini+6w
اجهزه وعده Ultra Sonic,275,https://www.royalelchim.app/search?q=اجهزه+وعده+Ultra+Sonic
اجهزه وعده VGR 210,450,https://www.royalelchim.app/search?q=اجهزه+وعده+VGR+210
اجهزه وعده Vgr 227,950,https://www.royalelchim.app/search?q=اجهزه+وعده+Vgr+227
اجهزه وعده VGR 282,950,https://www.royalelchim.app/search?q=اجهزه+وعده+VGR+282
اجهزه وعده VGR 290,500,https://www.royalelchim.app/search?q=اجهزه+وعده+VGR+290
اجهزه وعده VGR 331,700,https://www.royalelchim.app/search?q=اجهزه+وعده+VGR+331
اجهزه وعده VGR 576 HAIR COMB,300,https://www.royalelchim.app/search?q=اجهزه+وعده+VGR+576+HAIR+COMB
اجهزه وعده VGR 665,450,https://www.royalelchim.app/search?q=اجهزه+وعده+VGR+665
اجهزه وعده Vgr 962,950,https://www.royalelchim.app/search?q=اجهزه+وعده+Vgr+962
اجهزه وعده WAER 1932,575,https://www.royalelchim.app/search?q=اجهزه+وعده+WAER+1932
اجهزه وعده WAX HEATER 3*1,1600,https://www.royalelchim.app/search?q=اجهزه+وعده+WAX+HEATER+3*1
اجهزه وعده براون فتله كهربا,550,https://www.royalelchim.app/search?q=اجهزه+وعده+براون+فتله+كهربا
اجهزه وعده بونيه حراري,180,https://www.royalelchim.app/search?q=اجهزه+وعده+بونيه+حراري
اجهزه وعده جهاز بخار SOKANY,450,https://www.royalelchim.app/search?q=اجهزه+وعده+جهاز+بخار+SOKANY
اجهزه وعده جهاز شفط دهون JB 8620,240,https://www.royalelchim.app/search?q=اجهزه+وعده+جهاز+شفط+دهون+JB+8620
اجهزه وعده جهاز شفط دهون WMZ - 0804,400,https://www.royalelchim.app/search?q=اجهزه+وعده+جهاز+شفط+دهون+WMZ+-+0804
اجهزه وعده جهاز شمع MR,150,https://www.royalelchim.app/search?q=اجهزه+وعده+جهاز+شمع+MR
اجهزه وعده جهاز شمع PRO WAX,150,https://www.royalelchim.app/search?q=اجهزه+وعده+جهاز+شمع+PRO+WAX
اجهزه وعده جهاز شمع مصري 5 Star,85,https://www.royalelchim.app/search?q=اجهزه+وعده+جهاز+شمع+مصري+5+Star
اجهزه وعده جهاز فتله Rozia,400,https://www.royalelchim.app/search?q=اجهزه+وعده+جهاز+فتله+Rozia
اجهزه وعده جهاز ليزر YES,160,https://www.royalelchim.app/search?q=اجهزه+وعده+جهاز+ليزر+YES
اجهزه وعده حهاز بخار بشره Home Gold,700,https://www.royalelchim.app/search?q=اجهزه+وعده+حهاز+بخار+بشره+Home+Gold
اجهزه وعده ديرما رول ZGTS,230,https://www.royalelchim.app/search?q=اجهزه+وعده+ديرما+رول+ZGTS
اجهزه وعده سشوار Fakeng,1000,https://www.royalelchim.app/search?q=اجهزه+وعده+سشوار+Fakeng
اجهزه وعده فرشه sokany,450,https://www.royalelchim.app/search?q=اجهزه+وعده+فرشه+sokany
اجهزه وعده فرشه Zumaa,800,https://www.royalelchim.app/search?q=اجهزه+وعده+فرشه+Zumaa
اجهزه وعده قلم حواجب 18 K GOLD,120,https://www.royalelchim.app/search?q=اجهزه+وعده+قلم+حواجب+18+K+GOLD
اجهزه وعده ماسك بشره ضوئئ GRAY,900,https://www.royalelchim.app/search?q=اجهزه+وعده+ماسك+بشره+ضوئئ+GRAY
اجهزه وعده ماكينه قدم 8832,200,https://www.royalelchim.app/search?q=اجهزه+وعده+ماكينه+قدم+8832
اجهزه وعده مساج بشره AE-609,70,https://www.royalelchim.app/search?q=اجهزه+وعده+مساج+بشره+AE-609
اجهزه وعده مساج بشره 5*1 كارت,150,https://www.royalelchim.app/search?q=اجهزه+وعده+مساج+بشره+5*1+كارت
اجهزه وعده مكواه Barbieliss 723,500,https://www.royalelchim.app/search?q=اجهزه+وعده+مكواه+Barbieliss+723
اجهزه وعده مكواة CHI HAIR STRAIGHTER,700,https://www.royalelchim.app/search?q=اجهزه+وعده+مكواة+CHI+HAIR+STRAIGHTER
اجهزه وعده مكواه hair Extensions,200,https://www.royalelchim.app/search?q=اجهزه+وعده+مكواه+hair+Extensions
اجهزه وعده مكواه Home Gold 5253-hg,800,https://www.royalelchim.app/search?q=اجهزه+وعده+مكواه+Home+Gold+5253-hg
اجهزه وعده مكواة KISS PRO HAIR STRAIGHTER,800,https://www.royalelchim.app/search?q=اجهزه+وعده+مكواة+KISS+PRO+HAIR+STRAIGHTER
اجهزه وعده مكواة KISS PRO IIONIC 13 MM,450,https://www.royalelchim.app/search?q=اجهزه+وعده+مكواة+KISS+PRO+IIONIC+13+MM
اجهزه وعده مكواة KR 032 HAIR STRAIGHTER,720,https://www.royalelchim.app/search?q=اجهزه+وعده+مكواة+KR+032+HAIR+STRAIGHTER
اجهزه وعده مكواة KR 033 HAIR STRAIGHTER 300 C,770,https://www.royalelchim.app/search?q=اجهزه+وعده+مكواة+KR+033+HAIR+STRAIGHTER+300+C
اجهزه وعده مكواة KR P32 HAIR STRAIGHTER,320,https://www.royalelchim.app/search?q=اجهزه+وعده+مكواة+KR+P32+HAIR+STRAIGHTER
اجهزه وعده مكواه KR T1 HAIR STRAIGHTER,830,https://www.royalelchim.app/search?q=اجهزه+وعده+مكواه+KR+T1+HAIR+STRAIGHTER
اجهزه وعده مكواه Sokany 6505,500,https://www.royalelchim.app/search?q=اجهزه+وعده+مكواه+Sokany+6505
اجهزه وعده مكواة كيراتين HAIR STRAIGHTER 250 C,550,https://www.royalelchim.app/search?q=اجهزه+وعده+مكواة+كيراتين+HAIR+STRAIGHTER+250+C
اجهزه وعده مكواة كيرلى SOKANY HAIR CURL,700,https://www.royalelchim.app/search?q=اجهزه+وعده+مكواة+كيرلى+SOKANY+HAIR+CURL
اجهزه وعده مكواه كيرلي دوران,500,https://www.royalelchim.app/search?q=اجهزه+وعده+مكواه+كيرلي+دوران
اجهزه وعده مكواه ميني رحلات,130,https://www.royalelchim.app/search?q=اجهزه+وعده+مكواه+ميني+رحلات
اجهزه وعده مكوه Lizza,2200,https://www.royalelchim.app/search?q=اجهزه+وعده+مكوه+Lizza
اجهزه وعده مكوه تورنيدو صفيح,1850,https://www.royalelchim.app/search?q=اجهزه+وعده+مكوه+تورنيدو+صفيح
الكيم 1KA SERUM,140,https://www.royalelchim.app/search?q=الكيم+1KA+SERUM
الكيم 3*1 Wax مشكل,55,https://www.royalelchim.app/search?q=الكيم+3*1+Wax+مشكل
الكيم AXE WAX,40,https://www.royalelchim.app/search?q=الكيم+AXE+WAX
الكيم BEST BALSAM,75,https://www.royalelchim.app/search?q=الكيم+BEST+BALSAM
الكيم BEST SHAMPO,75,https://www.royalelchim.app/search?q=الكيم+BEST+SHAMPO
الكيم Bikini Balm,165,https://www.royalelchim.app/search?q=الكيم+Bikini+Balm
الكيم Bikini Butter,330,https://www.royalelchim.app/search?q=الكيم+Bikini+Butter
الكيم Body Splash Avuva,50,https://www.royalelchim.app/search?q=الكيم+Body+Splash+Avuva
الكيم Body Splash Cologne,20,https://www.royalelchim.app/search?q=الكيم+Body+Splash+Cologne
الكيم Body Splash Bag,150,https://www.royalelchim.app/search?q=الكيم+Body+Splash+Bag
الكيم Bona Rose بلسم,125,https://www.royalelchim.app/search?q=الكيم+Bona+Rose+بلسم
الكيم Bona Rose شامبو,125,https://www.royalelchim.app/search?q=الكيم+Bona+Rose+شامبو
الكيم Bozana Filler Gm,4500,https://www.royalelchim.app/search?q=الكيم+Bozana+Filler+Gm
الكيم Cheat Mask,110,https://www.royalelchim.app/search?q=الكيم+Cheat+Mask
الكيم Clearfaying Shampo,75,https://www.royalelchim.app/search?q=الكيم+Clearfaying+Shampo
الكيم Coffe Broten,2500,https://www.royalelchim.app/search?q=الكيم+Coffe+Broten
الكيم Dax بلاستيك,42,https://www.royalelchim.app/search?q=الكيم+Dax+بلاستيك
الكيم DEPURDENT,45,https://www.royalelchim.app/search?q=الكيم+DEPURDENT
الكيم DODGE WAX الوان,40,https://www.royalelchim.app/search?q=الكيم+DODGE+WAX+الوان
الكيم Don,150,https://www.royalelchim.app/search?q=الكيم+Don
الكيم Exoress Conditioner,20,https://www.royalelchim.app/search?q=الكيم+Exoress+Conditioner
الكيم FIBER GUM WAX JOOP,75,https://www.royalelchim.app/search?q=الكيم+FIBER+GUM+WAX+JOOP
الكيم General,35,https://www.royalelchim.app/search?q=الكيم+General
الكيم Genius Gel,40,https://www.royalelchim.app/search?q=الكيم+Genius+Gel
الكيم HAIR FASHION HOLD HAIR,30,https://www.royalelchim.app/search?q=الكيم+HAIR+FASHION+HOLD+HAIR
الكيم HAIR FASHION STYLING GLANZ,30,https://www.royalelchim.app/search?q=الكيم+HAIR+FASHION+STYLING+GLANZ
الكيم HAIR FASHION WET LOOK,30,https://www.royalelchim.app/search?q=الكيم+HAIR+FASHION+WET+LOOK
الكيم Hair Wax Stick,130,https://www.royalelchim.app/search?q=الكيم+Hair+Wax+Stick
الكيم Healer Fiber Cream,35,https://www.royalelchim.app/search?q=الكيم+Healer+Fiber+Cream
الكيم HERBAL SENSATION خلاصه النخاع SHSMPO,30,https://www.royalelchim.app/search?q=الكيم+HERBAL+SENSATION+خلاصه+النخاع+SHSMPO
الكيم HERBAL SENSATION زيت التعبان SHAMPO,45,https://www.royalelchim.app/search?q=الكيم+HERBAL+SENSATION+زيت+التعبان+SHAMPO
الكيم High Life Wax,42,https://www.royalelchim.app/search?q=الكيم+High+Life+Wax
الكيم KARIN CRAZY COLOR,35,https://www.royalelchim.app/search?q=الكيم+KARIN+CRAZY+COLOR
الكيم Karis Wax,35,https://www.royalelchim.app/search?q=الكيم+Karis+Wax
الكيم La Petra,40,https://www.royalelchim.app/search?q=الكيم+La+Petra
الكيم La Petra Hair Food,75,https://www.royalelchim.app/search?q=الكيم+La+Petra+Hair+Food
الكيم LEVEN SERUM,130,https://www.royalelchim.app/search?q=الكيم+LEVEN+SERUM
الكيم Man Beard Oil,100,https://www.royalelchim.app/search?q=الكيم+Man+Beard+Oil
الكيم MAS CAVIAR PLUS مجموعه عنايه,350,https://www.royalelchim.app/search?q=الكيم+MAS+CAVIAR+PLUS+مجموعه+عنايه
الكيم Mask Ice Cream,40,https://www.royalelchim.app/search?q=الكيم+Mask+Ice+Cream
الكيم MASK SCRUB QUEEN,15,https://www.royalelchim.app/search?q=الكيم+MASK+SCRUB+QUEEN
الكيم Matrix Wax,40,https://www.royalelchim.app/search?q=الكيم+Matrix+Wax
الكيم MAX GOLD MASK,25,https://www.royalelchim.app/search?q=الكيم+MAX+GOLD+MASK
الكيم Max Wax,45,https://www.royalelchim.app/search?q=الكيم+Max+Wax
الكيم MR EAX WAX,35,https://www.royalelchim.app/search?q=الكيم+MR+EAX+WAX
الكيم NEW RAX,40,https://www.royalelchim.app/search?q=الكيم+NEW+RAX
الكيم Ojya Black Hair Shampo,30,https://www.royalelchim.app/search?q=الكيم+Ojya+Black+Hair+Shampo
الكيم Oskare Gel 500,15,https://www.royalelchim.app/search?q=الكيم+Oskare+Gel+500
الكيم POWER GEL 500GM مشكل,30,https://www.royalelchim.app/search?q=الكيم+POWER+GEL+500GM+مشكل
الكيم Principessa,125,https://www.royalelchim.app/search?q=الكيم+Principessa
الكيم PRO PLUS PROTEIN Gm,3٫5,https://www.royalelchim.app/search?q=الكيم+PRO+PLUS+PROTEIN+Gm
الكيم Rak Wax,38,https://www.royalelchim.app/search?q=الكيم+Rak+Wax
الكيم ROSE WATER AMOA,30,https://www.royalelchim.app/search?q=الكيم+ROSE+WATER+AMOA
الكيم ROSE WATER Pure 50 Ml,15,https://www.royalelchim.app/search?q=الكيم+ROSE+WATER+Pure+50+Ml
الكيم ROSE WATER العرب,25,https://www.royalelchim.app/search?q=الكيم+ROSE+WATER+العرب
الكيم ROSE WATER كوين,25,https://www.royalelchim.app/search?q=الكيم+ROSE+WATER+كوين
الكيم ROSE WATER كيتي,35,https://www.royalelchim.app/search?q=الكيم+ROSE+WATER+كيتي
الكيم ROSETTA تفتيح كولاجين,40,https://www.royalelchim.app/search?q=الكيم+ROSETTA+تفتيح+كولاجين
الكيم ROSETTA صنفرة فحم,32,https://www.royalelchim.app/search?q=الكيم+ROSETTA+صنفرة+فحم
الكيم ROSETTA ماسك طمى مغربى,32,https://www.royalelchim.app/search?q=الكيم+ROSETTA+ماسك+طمى+مغربى
الكيم Rosstta Skin,25,https://www.royalelchim.app/search?q=الكيم+Rosstta+Skin
الكيم ROYAL JELLY CONDITIONER,50,https://www.royalelchim.app/search?q=الكيم+ROYAL+JELLY+CONDITIONER
الكيم ROYAL POWER / BEST,90,https://www.royalelchim.app/search?q=الكيم+ROYAL+POWER+/+BEST
الكيم ROYAL SHAMPO,75,https://www.royalelchim.app/search?q=الكيم+ROYAL+SHAMPO
الكيم Sabaya Gel,30,https://www.royalelchim.app/search?q=الكيم+Sabaya+Gel
الكيم SEDAL SHAVING GEL,25,https://www.royalelchim.app/search?q=الكيم+SEDAL+SHAVING+GEL
الكيم SENOR FINISHING TOUCH,30,https://www.royalelchim.app/search?q=الكيم+SENOR+FINISHING+TOUCH
الكيم SENORITA SCRUB NUTS & GRAPES,45,https://www.royalelchim.app/search?q=الكيم+SENORITA+SCRUB+NUTS+&+GRAPES
الكيم Shaan غسول نسائي,185,https://www.royalelchim.app/search?q=الكيم+Shaan+غسول+نسائي
الكيم Shampoo Gk,200,https://www.royalelchim.app/search?q=الكيم+Shampoo+Gk
الكيم SHOWER REINA 48 PEACEFUL OCEAN,60,https://www.royalelchim.app/search?q=الكيم+SHOWER+REINA+48+PEACEFUL+OCEAN
الكيم Silver Shampo,100,https://www.royalelchim.app/search?q=الكيم+Silver+Shampo
الكيم Soper Dax Wax,40,https://www.royalelchim.app/search?q=الكيم+Soper+Dax+Wax
الكيم SORAL THERABY 10*1,3٫5,https://www.royalelchim.app/search?q=الكيم+SORAL+THERABY+10*1
الكيم SORAL THERABY 4*1 Gm,3٫5,https://www.royalelchim.app/search?q=الكيم+SORAL+THERABY+4*1+Gm
الكيم SOURCE LINO,20,https://www.royalelchim.app/search?q=الكيم+SOURCE+LINO
الكيم Spa Milk Slat Anona مشكل,20,https://www.royalelchim.app/search?q=الكيم+Spa+Milk+Slat+Anona+مشكل
الكيم SPIDER MAN FIBER WEB,50,https://www.royalelchim.app/search?q=الكيم+SPIDER+MAN+FIBER+WEB
الكيم Tanako,30,https://www.royalelchim.app/search?q=الكيم+Tanako
الكيم TRICHUP زيت شعر 100 ML,45,https://www.royalelchim.app/search?q=الكيم+TRICHUP+زيت+شعر+100+ML
الكيم TRICHUP زيت شعر 100 ML,65,https://www.royalelchim.app/search?q=الكيم+TRICHUP+زيت+شعر+100+ML
الكيم TRICHUP زيت شعر 200 ML,85,https://www.royalelchim.app/search?q=الكيم+TRICHUP+زيت+شعر+200+ML
الكيم Vaseline,25,https://www.royalelchim.app/search?q=الكيم+Vaseline
الكيم Vaseline LIP THERAPY,28,https://www.royalelchim.app/search?q=الكيم+Vaseline+LIP+THERAPY
الكيم WAX TRUST PRETTY LIFE BLACK,50,https://www.royalelchim.app/search?q=الكيم+WAX+TRUST+PRETTY+LIFE+BLACK
الكيم WAX TRUST PRETTY LIFE RED,45,https://www.royalelchim.app/search?q=الكيم+WAX+TRUST+PRETTY+LIFE+RED
الكيم WAX TRUST PRETTY LIFE YELLOW,50,https://www.royalelchim.app/search?q=الكيم+WAX+TRUST+PRETTY+LIFE+YELLOW
الكيم WEFA MAX الوان,40,https://www.royalelchim.app/search?q=الكيم+WEFA+MAX+الوان
الكيم WEFA MAX WAX SPIDER SHEA,50,https://www.royalelchim.app/search?q=الكيم+WEFA+MAX+WAX+SPIDER+SHEA
الكيم X STAR GEL,60,https://www.royalelchim.app/search?q=الكيم+X+STAR+GEL
الكيم YOU POWER Wax,25,https://www.royalelchim.app/search?q=الكيم+YOU+POWER+Wax
الكيم اسكراب كاندي,80,https://www.royalelchim.app/search?q=الكيم+اسكراب+كاندي
الكيم املاح باديكر,20,https://www.royalelchim.app/search?q=الكيم+املاح+باديكر
الكيم املاح روعه استحمام,30,https://www.royalelchim.app/search?q=الكيم+املاح+روعه+استحمام
الكيم اوبال كحل 70%,15,https://www.royalelchim.app/search?q=الكيم+اوبال+كحل+70%
الكيم بالمز هير,30,https://www.royalelchim.app/search?q=الكيم+بالمز+هير
الكيم بلسم حلاقه ايكو,35,https://www.royalelchim.app/search?q=الكيم+بلسم+حلاقه+ايكو
الكيم بلسم حلاقه ريبون,30,https://www.royalelchim.app/search?q=الكيم+بلسم+حلاقه+ريبون
الكيم بلسم حلاقه فيكو,25,https://www.royalelchim.app/search?q=الكيم+بلسم+حلاقه+فيكو
الكيم هاى سول بودرة حشرات زاحفه,15,https://www.royalelchim.app/search?q=الكيم+هاى+سول+بودرة+حشرات+زاحفه
الكيم هاي لايف قناع,25,https://www.royalelchim.app/search?q=الكيم+هاي+لايف+قناع
الكيم تلميع كريس مشكل,30,https://www.royalelchim.app/search?q=الكيم+تلميع+كريس+مشكل
الكيم جل Eternal الازرق,15,https://www.royalelchim.app/search?q=الكيم+جل+Eternal+الازرق
الكيم جل Excellent,55,https://www.royalelchim.app/search?q=الكيم+جل+Excellent
الكيم جل Zero Mini,10,https://www.royalelchim.app/search?q=الكيم+جل+Zero+Mini
الكيم جل Zero صغير,20,https://www.royalelchim.app/search?q=الكيم+جل+Zero+صغير
الكيم جل Zero كبير,35,https://www.royalelchim.app/search?q=الكيم+جل+Zero+كبير
الكيم جل Zero وسط,25,https://www.royalelchim.app/search?q=الكيم+جل+Zero+وسط
الكيم جل حلاقه ايكو,25,https://www.royalelchim.app/search?q=الكيم+جل+حلاقه+ايكو
الكيم جل حلاقه سوري,45,https://www.royalelchim.app/search?q=الكيم+جل+حلاقه+سوري
الكيم جل صبار,35,https://www.royalelchim.app/search?q=الكيم+جل+صبار
الكيم جل صبار طبيعي,25,https://www.royalelchim.app/search?q=الكيم+جل+صبار+طبيعي
الكيم جل صبار كبير,30,https://www.royalelchim.app/search?q=الكيم+جل+صبار+كبير
الكيم جل نمبر وان,27,https://www.royalelchim.app/search?q=الكيم+جل+نمبر+وان
الكيم جولدن فاير,40,https://www.royalelchim.app/search?q=الكيم+جولدن+فاير
الكيم جيل 7STAR,25,https://www.royalelchim.app/search?q=الكيم+جيل+7STAR
الكيم جيل Ck,22,https://www.royalelchim.app/search?q=الكيم+جيل+Ck
الكيم جيل JODY WET LOOK,20,https://www.royalelchim.app/search?q=الكيم+جيل+JODY+WET+LOOK
الكيم جيل New Star,25,https://www.royalelchim.app/search?q=الكيم+جيل+New+Star
الكيم جيل SOLITAIR 4YOU,15,https://www.royalelchim.app/search?q=الكيم+جيل+SOLITAIR+4YOU
الكيم جيل بعلبك,25,https://www.royalelchim.app/search?q=الكيم+جيل+بعلبك
الكيم حقن فاستر منوع,150,https://www.royalelchim.app/search?q=الكيم+حقن+فاستر+منوع
الكيم حقن كولاجين,65,https://www.royalelchim.app/search?q=الكيم+حقن+كولاجين
الكيم حليب جوز الهند COCO,20,https://www.royalelchim.app/search?q=الكيم+حليب+جوز+الهند+COCO
الكيم حماله علبه بلاستيك,25,https://www.royalelchim.app/search?q=الكيم+حماله+علبه+بلاستيك
الكيم حمام G.k ص,55,https://www.royalelchim.app/search?q=الكيم+حمام+G.k+ص
الكيم حمام G.k ك,55,https://www.royalelchim.app/search?q=الكيم+حمام+G.k+ك
الكيم حمام HAIRBEST 1KG,40,https://www.royalelchim.app/search?q=الكيم+حمام+HAIRBEST+1KG
الكيم حمام Max Boom,55,https://www.royalelchim.app/search?q=الكيم+حمام+Max+Boom
الكيم حمام Max factor,40,https://www.royalelchim.app/search?q=الكيم+حمام+Max+factor
الكيم حمام Max factor جديد,40,https://www.royalelchim.app/search?q=الكيم+حمام+Max+factor+جديد
الكيم حمام ابيض,30,https://www.royalelchim.app/search?q=الكيم+حمام+ابيض
الكيم حمام ازرق,30,https://www.royalelchim.app/search?q=الكيم+حمام+ازرق
الكيم حمام باور,55,https://www.royalelchim.app/search?q=الكيم+حمام+باور
الكيم حمام فاشكول,55,https://www.royalelchim.app/search?q=الكيم+حمام+فاشكول
الكيم حمام كريستال,40,https://www.royalelchim.app/search?q=الكيم+حمام+كريستال
الكيم حمام كريم 7 OILS,85,https://www.royalelchim.app/search?q=الكيم+حمام+كريم+7+OILS
الكيم حمام كريم جديد,50,https://www.royalelchim.app/search?q=الكيم+حمام+كريم+جديد
الكيم حنه بيضاء للبشره,30,https://www.royalelchim.app/search?q=الكيم+حنه+بيضاء+للبشره
الكيم حنه جلوري اسود,40,https://www.royalelchim.app/search?q=الكيم+حنه+جلوري+اسود
الكيم حنه جوليشيا حمرة,35,https://www.royalelchim.app/search?q=الكيم+حنه+جوليشيا+حمرة
الكيم حنه جومانا,25,https://www.royalelchim.app/search?q=الكيم+حنه+جومانا
الكيم حنه قرطاس جوليشا,40,https://www.royalelchim.app/search?q=الكيم+حنه+قرطاس+جوليشا
الكيم خلطه الحرير الهنديه,70,https://www.royalelchim.app/search?q=الكيم+خلطه+الحرير+الهنديه
الكيم خمره سوداني,100,https://www.royalelchim.app/search?q=الكيم+خمره+سوداني
الكيم خمره سوداني اصلي,80,https://www.royalelchim.app/search?q=الكيم+خمره+سوداني+اصلي
الكيم خميره البيره,55,https://www.royalelchim.app/search?q=الكيم+خميره+البيره
الكيم خميره البيره شعر,55,https://www.royalelchim.app/search?q=الكيم+خميره+البيره+شعر
الكيم دلكه سوداني,100,https://www.royalelchim.app/search?q=الكيم+دلكه+سوداني
الكيم زبده جسم Faces,30,https://www.royalelchim.app/search?q=الكيم+زبده+جسم+Faces
الكيم سبايدر كريم الوان احمر,50,https://www.royalelchim.app/search?q=الكيم+سبايدر+كريم+الوان+احمر
الكيم سبايدر كريم الوان نحاسي,50,https://www.royalelchim.app/search?q=الكيم+سبايدر+كريم+الوان+نحاسي
الكيم ستاركي قناع,20,https://www.royalelchim.app/search?q=الكيم+ستاركي+قناع
الكيم سويت مشكل,15,https://www.royalelchim.app/search?q=الكيم+سويت+مشكل
الكيم سويت حرير,25,https://www.royalelchim.app/search?q=الكيم+سويت+حرير
الكيم سويت سوري,15,https://www.royalelchim.app/search?q=الكيم+سويت+سوري
الكيم سيابدر كريم الوان اسود,50,https://www.royalelchim.app/search?q=الكيم+سيابدر+كريم+الوان+اسود
الكيم سيروم ارجان,150,https://www.royalelchim.app/search?q=الكيم+سيروم+ارجان
الكيم شامبو + بلسم ماجستيك 5 لتر,135,https://www.royalelchim.app/search?q=الكيم+شامبو+++بلسم+ماجستيك+5+لتر
الكيم شامبو وبلسم للشعر المصبوغ,120,https://www.royalelchim.app/search?q=الكيم+شامبو+وبلسم+للشعر+المصبوغ
الكيم شاور جيل Omay,55,https://www.royalelchim.app/search?q=الكيم+شاور+جيل+Omay
الكيم شاور جيل Omay 2 L,65,https://www.royalelchim.app/search?q=الكيم+شاور+جيل+Omay+2+L
الكيم شمع بارد لازاله الشعر,45,https://www.royalelchim.app/search?q=الكيم+شمع+بارد+لازاله+الشعر
الكيم صابون مغربي,320,https://www.royalelchim.app/search?q=الكيم+صابون+مغربي
الكيم صابونه البكيني,35,https://www.royalelchim.app/search?q=الكيم+صابونه+البكيني
الكيم صابونه الرز باللبن,35,https://www.royalelchim.app/search?q=الكيم+صابونه+الرز+باللبن
الكيم صابونه الرمان,35,https://www.royalelchim.app/search?q=الكيم+صابونه+الرمان
الكيم صابونه العرقسوس,35,https://www.royalelchim.app/search?q=الكيم+صابونه+العرقسوس
الكيم صابونه لبان الدكر,35,https://www.royalelchim.app/search?q=الكيم+صابونه+لبان+الدكر
الكيم صباع دم,5,https://www.royalelchim.app/search?q=الكيم+صباع+دم
الكيم صبغه Pro Style,75,https://www.royalelchim.app/search?q=الكيم+صبغه+Pro+Style
الكيم صبغه Samba,90,https://www.royalelchim.app/search?q=الكيم+صبغه+Samba
الكيم عرض ترشوب,90,https://www.royalelchim.app/search?q=الكيم+عرض+ترشوب
الكيم عرض جدايل,90,https://www.royalelchim.app/search?q=الكيم+عرض+جدايل
الكيم عرض شنطه شامبو وبلسم,65,https://www.royalelchim.app/search?q=الكيم+عرض+شنطه+شامبو+وبلسم
الكيم عرض شنطه شامبو وبلسم جديد,150,https://www.royalelchim.app/search?q=الكيم+عرض+شنطه+شامبو+وبلسم+جديد
الكيم عنكبوت MAX FACTOR,30,https://www.royalelchim.app/search?q=الكيم+عنكبوت+MAX+FACTOR
الكيم عنكبوت هير دو واكس,30,https://www.royalelchim.app/search?q=الكيم+عنكبوت+هير+دو+واكس
الكيم عنكبوت ماكس اسود,40,https://www.royalelchim.app/search?q=الكيم+عنكبوت+ماكس+اسود
الكيم فازلين افونا,25,https://www.royalelchim.app/search?q=الكيم+فازلين+افونا
الكيم فرد MAX FACTOR,45,https://www.royalelchim.app/search?q=الكيم+فرد+MAX+FACTOR
الكيم فرد شعر Eko,55,https://www.royalelchim.app/search?q=الكيم+فرد+شعر+Eko
الكيم قشطه الاميرات,22,https://www.royalelchim.app/search?q=الكيم+قشطه+الاميرات
الكيم قلم تحديد عيون FOR EVER52 BIEG,25,https://www.royalelchim.app/search?q=الكيم+قلم+تحديد+عيون+FOR+EVER52+BIEG
الكيم كبسوا فيتامين بشره,3,https://www.royalelchim.app/search?q=الكيم+كبسوا+فيتامين+بشره
الكيم كبسولات E للبشرة,3٫5,https://www.royalelchim.app/search?q=الكيم+كبسولات+E+للبشرة
الكيم كبسولات YOUTH SHOW لشعر,5,https://www.royalelchim.app/search?q=الكيم+كبسولات+YOUTH+SHOW+لشعر
الكيم كريم مزيل العرق العود الملكي,35,https://www.royalelchim.app/search?q=الكيم+كريم+مزيل+العرق+العود+الملكي
الكيم كعب غزال Avova,30,https://www.royalelchim.app/search?q=الكيم+كعب+غزال+Avova
الكيم كعب غزال Lovely,45,https://www.royalelchim.app/search?q=الكيم+كعب+غزال+Lovely
الكيم كعب غزال هاي لايف,35,https://www.royalelchim.app/search?q=الكيم+كعب+غزال+هاي+لايف
الكيم كعب غزال همسه,20,https://www.royalelchim.app/search?q=الكيم+كعب+غزال+همسه
الكيم كولونيا Power,30,https://www.royalelchim.app/search?q=الكيم+كولونيا+Power
الكيم كولونيا فا,15,https://www.royalelchim.app/search?q=الكيم+كولونيا+فا
الكيم كولونيا لتر,40,https://www.royalelchim.app/search?q=الكيم+كولونيا+لتر
الكيم لزق رموش,20,https://www.royalelchim.app/search?q=الكيم+لزق+رموش
الكيم لوشن سكاندال,20,https://www.royalelchim.app/search?q=الكيم+لوشن+سكاندال
الكيم ماسك Kenzo,25,https://www.royalelchim.app/search?q=الكيم+ماسك+Kenzo
الكيم ماسك Solitare,18,https://www.royalelchim.app/search?q=الكيم+ماسك+Solitare
الكيم ماسك ايس كبير,30,https://www.royalelchim.app/search?q=الكيم+ماسك+ايس+كبير
الكيم ماسك ايكو مشكل ص,25,https://www.royalelchim.app/search?q=الكيم+ماسك+ايكو+مشكل+ص
الكيم ماسك ايكو مشكل ك,55,https://www.royalelchim.app/search?q=الكيم+ماسك+ايكو+مشكل+ك
الكيم ماسك بانسيه سنفره,15,https://www.royalelchim.app/search?q=الكيم+ماسك+بانسيه+سنفره
الكيم ماسك برايت,30,https://www.royalelchim.app/search?q=الكيم+ماسك+برايت
الكيم ماسك تفتيح,25,https://www.royalelchim.app/search?q=الكيم+ماسك+تفتيح
الكيم ماسك حليب تووايت,18,https://www.royalelchim.app/search?q=الكيم+ماسك+حليب+تووايت
الكيم ماسك فور يو,18,https://www.royalelchim.app/search?q=الكيم+ماسك+فور+يو
الكيم مجموعه BONANZA,285,https://www.royalelchim.app/search?q=الكيم+مجموعه+BONANZA
الكيم مجموعه مسك الطهاره,70,https://www.royalelchim.app/search?q=الكيم+مجموعه+مسك+الطهاره
الكيم مجموعه مسك الطهاره التاج الملكي,50,https://www.royalelchim.app/search?q=الكيم+مجموعه+مسك+الطهاره+التاج+الملكي
الكيم مجموعه مسك الطهاره رمان,75,https://www.royalelchim.app/search?q=الكيم+مجموعه+مسك+الطهاره+رمان
الكيم مخمريه VERA,45,https://www.royalelchim.app/search?q=الكيم+مخمريه+VERA
الكيم مخمريه العروسه ص,15,https://www.royalelchim.app/search?q=الكيم+مخمريه+العروسه+ص
الكيم مخمرية العود الملكى,40,https://www.royalelchim.app/search?q=الكيم+مخمرية+العود+الملكى
الكيم مخمريه رنه خلخال,20,https://www.royalelchim.app/search?q=الكيم+مخمريه+رنه+خلخال
الكيم مخمريه ماركات,20,https://www.royalelchim.app/search?q=الكيم+مخمريه+ماركات
الكيم مرهم سالسليك,8,https://www.royalelchim.app/search?q=الكيم+مرهم+سالسليك
الكيم مسك الطهاره,45,https://www.royalelchim.app/search?q=الكيم+مسك+الطهاره
الكيم مسك الطهاره صبايا,45,https://www.royalelchim.app/search?q=الكيم+مسك+الطهاره+صبايا
الكيم مسك هاي لايف صنفره,20,https://www.royalelchim.app/search?q=الكيم+مسك+هاي+لايف+صنفره
الكيم معجون حلاقة خمس خمسات,15,https://www.royalelchim.app/search?q=الكيم+معجون+حلاقة+خمس+خمسات
الكيم معطر جو Freeze 250 Ml,25,https://www.royalelchim.app/search?q=الكيم+معطر+جو+Freeze+250+Ml
الكيم معطر جو Freeze 450 Ml,40,https://www.royalelchim.app/search?q=الكيم+معطر+جو+Freeze+450+Ml
الكيم معطرجو خيال بخاخه,35,https://www.royalelchim.app/search?q=الكيم+معطرجو+خيال+بخاخه
الكيم ملح حليب الامارات,50,https://www.royalelchim.app/search?q=الكيم+ملح+حليب+الامارات
الكيم مورد خدود وكعب الغزال,15,https://www.royalelchim.app/search?q=الكيم+مورد+خدود+وكعب+الغزال
الكيم نتائج الطبيعه كولاجين فرد,25,https://www.royalelchim.app/search?q=الكيم+نتائج+الطبيعه+كولاجين+فرد
الكيم نخاع انثي الجمل,35,https://www.royalelchim.app/search?q=الكيم+نخاع+انثي+الجمل
تغليف علبه قطيفه,75,https://www.royalelchim.app/search?q=تغليف+علبه+قطيفه
تغليف علبه كارتون الوان 50 مللي,17,https://www.royalelchim.app/search?q=تغليف+علبه+كارتون+الوان+50+مللي
جميله شامبو 1.5 لتر خلاصه الثوم,75,https://www.royalelchim.app/search?q=جميله+شامبو+1.5+لتر+خلاصه+الثوم
جميله معطر جو 460 مللي Oud,37٫5,https://www.royalelchim.app/search?q=جميله+معطر+جو+460+مللي+Oud
جميله معطر جو 460 مللي بهجه,37٫5,https://www.royalelchim.app/search?q=جميله+معطر+جو+460+مللي+بهجه
جميله معطر جو 460 مللي جوز الهند,37٫5,https://www.royalelchim.app/search?q=جميله+معطر+جو+460+مللي+جوز+الهند
خردوات 3D TATO STICKERS,10,https://www.royalelchim.app/search?q=خردوات+3D+TATO+STICKERS
خردوات 12NAIL ART DECORATION KIT XUCAI,15,https://www.royalelchim.app/search?q=خردوات+12NAIL+ART+DECORATION+KIT+XUCAI
خردوات Clleaning Pad شاكوش,50,https://www.royalelchim.app/search?q=خردوات+Clleaning+Pad+شاكوش
خردوات Eye Brow-style,7,https://www.royalelchim.app/search?q=خردوات+Eye+Brow-style
خردوات Eye Lash Top,30,https://www.royalelchim.app/search?q=خردوات+Eye+Lash+Top
خردوات FOR EVER 52 NAILS,35,https://www.royalelchim.app/search?q=خردوات+FOR+EVER+52+NAILS
خردوات Incredible Nail Tips Abou Yousef 160ay/23,100,https://www.royalelchim.app/search?q=خردوات+Incredible+Nail+Tips+Abou+Yousef+160ay/23
خردوات JANELOVE NAILS,18,https://www.royalelchim.app/search?q=خردوات+JANELOVE+NAILS
خردوات Manicure & Make-up Set,35,https://www.royalelchim.app/search?q=خردوات+Manicure+&+Make-up+Set
خردوات Ming Nail,50,https://www.royalelchim.app/search?q=خردوات+Ming+Nail
خردوات My Foil 12 عين غريض,115,https://www.royalelchim.app/search?q=خردوات+My+Foil+12+عين+غريض
خردوات Nail Art,8,https://www.royalelchim.app/search?q=خردوات+Nail+Art
خردوات Nail Glue,25,https://www.royalelchim.app/search?q=خردوات+Nail+Glue
خردوات Nail Tips 100 Tips,45,https://www.royalelchim.app/search?q=خردوات+Nail+Tips+100+Tips
خردوات NATURAL NAILS DUSU STRONG,15,https://www.royalelchim.app/search?q=خردوات+NATURAL+NAILS+DUSU+STRONG
خردوات New Wimpy Nails,15,https://www.royalelchim.app/search?q=خردوات+New+Wimpy+Nails
خردوات O! CIRCLE BRUSH,75,https://www.royalelchim.app/search?q=خردوات+O!+CIRCLE+BRUSH
خردوات Pedicure Elegance 3*1,60,https://www.royalelchim.app/search?q=خردوات+Pedicure+Elegance+3*1
خردوات Pedicure paddle 4*1,30,https://www.royalelchim.app/search?q=خردوات+Pedicure+paddle+4*1
خردوات QUEEN 4,65,https://www.royalelchim.app/search?q=خردوات+QUEEN+4
خردوات Sheglam Brush,40,https://www.royalelchim.app/search?q=خردوات+Sheglam+Brush
خردوات SHELLS MAKEUP BRUSH,90,https://www.royalelchim.app/search?q=خردوات+SHELLS+MAKEUP+BRUSH
خردوات Stencil Tatto,10,https://www.royalelchim.app/search?q=خردوات+Stencil+Tatto
خردوات TATOO ظهر,10,https://www.royalelchim.app/search?q=خردوات+TATOO+ظهر
خردوات TATOO ST-168/226,10,https://www.royalelchim.app/search?q=خردوات+TATOO+ST-168/226
خردوات TATTO HB 721,15,https://www.royalelchim.app/search?q=خردوات+TATTO+HB+721
خردوات TATTO M117,10,https://www.royalelchim.app/search?q=خردوات+TATTO+M117
خردوات TATTO ST-42,15,https://www.royalelchim.app/search?q=خردوات+TATTO+ST-42
خردوات TOOTHPICK 100,7٫5,https://www.royalelchim.app/search?q=خردوات+TOOTHPICK+100
خردوات ابره دهون 2*1,17,https://www.royalelchim.app/search?q=خردوات+ابره+دهون+2*1
خردوات ابره دهون كيس 10,100,https://www.royalelchim.app/search?q=خردوات+ابره+دهون+كيس+10
خردوات اده بديكير + موس,40,https://www.royalelchim.app/search?q=خردوات+اده+بديكير+++موس
خردوات استمبه تاتو,13,https://www.royalelchim.app/search?q=خردوات+استمبه+تاتو
خردوات استيكه جلد,10,https://www.royalelchim.app/search?q=خردوات+استيكه+جلد
خردوات استيكه معدن,8,https://www.royalelchim.app/search?q=خردوات+استيكه+معدن
خردوات اسفنج كونتور الوان فردي كارت,15,https://www.royalelchim.app/search?q=خردوات+اسفنج+كونتور+الوان+فردي+كارت
خردوات اسفنج مائي 2,18,https://www.royalelchim.app/search?q=خردوات+اسفنج+مائي+2
خردوات اسفنج مائي Abou Yousef,8,https://www.royalelchim.app/search?q=خردوات+اسفنج+مائي+Abou+Yousef
خردوات اسفنج ملمع اظافر,12,https://www.royalelchim.app/search?q=خردوات+اسفنج+ملمع+اظافر
خردوات اسفنج ميني,20,https://www.royalelchim.app/search?q=خردوات+اسفنج+ميني
خردوات اسفنج ميني 3*1,25,https://www.royalelchim.app/search?q=خردوات+اسفنج+ميني+3*1
خردوات اسفينج ازله الجلد الميت 198ay136,25,https://www.royalelchim.app/search?q=خردوات+اسفينج+ازله+الجلد+الميت+198ay136
خردوات اطافر Rock,18,https://www.royalelchim.app/search?q=خردوات+اطافر+Rock
خردوات اظافر 12 لون,55,https://www.royalelchim.app/search?q=خردوات+اظافر+12+لون
خردوات اظافر 120 قطعه 177ay1,60,https://www.royalelchim.app/search?q=خردوات+اظافر+120+قطعه+177ay1
خردوات اظافر 96 قطعه,60,https://www.royalelchim.app/search?q=خردوات+اظافر+96+قطعه
خردوات اظافر Beauty,18,https://www.royalelchim.app/search?q=خردوات+اظافر+Beauty
خردوات اظافر Beauty Toe Nails,30,https://www.royalelchim.app/search?q=خردوات+اظافر+Beauty+Toe+Nails
خردوات اظافر Dodo Lady,40,https://www.royalelchim.app/search?q=خردوات+اظافر+Dodo+Lady
خردوات اظافر French Nail,25,https://www.royalelchim.app/search?q=خردوات+اظافر+French+Nail
خردوات اظافر Gel Fantasy,25,https://www.royalelchim.app/search?q=خردوات+اظافر+Gel+Fantasy
خردوات اظافر Koko,40,https://www.royalelchim.app/search?q=خردوات+اظافر+Koko
خردوات اظافر Lulu Beauty,15,https://www.royalelchim.app/search?q=خردوات+اظافر+Lulu+Beauty
خردوات اظافر Xucaimei,18,https://www.royalelchim.app/search?q=خردوات+اظافر+Xucaimei
خردوات اظافر Yalla,60,https://www.royalelchim.app/search?q=خردوات+اظافر+Yalla
خردوات اظافر Yalla 1554-10,60,https://www.royalelchim.app/search?q=خردوات+اظافر+Yalla+1554-10
خردوات اظافر Yalla 1556-8,60,https://www.royalelchim.app/search?q=خردوات+اظافر+Yalla+1556-8
خردوات اظافر Yalla 2308-4,60,https://www.royalelchim.app/search?q=خردوات+اظافر+Yalla+2308-4
خردوات اظافر Yalla 3652-2,60,https://www.royalelchim.app/search?q=خردوات+اظافر+Yalla+3652-2
خردوات اظافر Yalla 4931-4,40,https://www.royalelchim.app/search?q=خردوات+اظافر+Yalla+4931-4
خردوات اظافر Yalla 5028-2,35,https://www.royalelchim.app/search?q=خردوات+اظافر+Yalla+5028-2
خردوات اظافر Yalla 5486-1,35,https://www.royalelchim.app/search?q=خردوات+اظافر+Yalla+5486-1
خردوات اظافر Yalla 5489-16,55,https://www.royalelchim.app/search?q=خردوات+اظافر+Yalla+5489-16
خردوات اظافر Yalla فرنش,60,https://www.royalelchim.app/search?q=خردوات+اظافر+Yalla+فرنش
خردوات اظافر استراس,60,https://www.royalelchim.app/search?q=خردوات+اظافر+استراس
خردوات اظافر اطفال,30,https://www.royalelchim.app/search?q=خردوات+اظافر+اطفال
خردوات اظافر اطفال 1556-5,50,https://www.royalelchim.app/search?q=خردوات+اظافر+اطفال+1556-5
خردوات اظافر اكريلك 288ق 199ay92,100,https://www.royalelchim.app/search?q=خردوات+اظافر+اكريلك+288ق+199ay92
خردوات اظافر الوان Dudu,25,https://www.royalelchim.app/search?q=خردوات+اظافر+الوان+Dudu
خردوات اظافر بولي جيل,100,https://www.royalelchim.app/search?q=خردوات+اظافر+بولي+جيل
خردوات اظافر هاند ميد 184ay_77,150,https://www.royalelchim.app/search?q=خردوات+اظافر+هاند+ميد+184ay_77
خردوات اظافر جيل 179ay1,85,https://www.royalelchim.app/search?q=خردوات+اظافر+جيل+179ay1
خردوات اظافر رجل,70,https://www.royalelchim.app/search?q=خردوات+اظافر+رجل
خردوات اظافر كليوباترا 179ay13,115,https://www.royalelchim.app/search?q=خردوات+اظافر+كليوباترا+179ay13
خردوات اظافر مط,13,https://www.royalelchim.app/search?q=خردوات+اظافر+مط
خردوات اكسسوار 12 عين سوبر لوكس,135,https://www.royalelchim.app/search?q=خردوات+اكسسوار+12+عين+سوبر+لوكس
خردوات اكسسوار 6 عين,130,https://www.royalelchim.app/search?q=خردوات+اكسسوار+6+عين
خردوات اكسسوار فردي,65,https://www.royalelchim.app/search?q=خردوات+اكسسوار+فردي
خردوات امواس بديكير,35,https://www.royalelchim.app/search?q=خردوات+امواس+بديكير
خردوات باليت كافيار 48 ق,6,https://www.royalelchim.app/search?q=خردوات+باليت+كافيار+48+ق
خردوات بامب فوم فارغ,75,https://www.royalelchim.app/search?q=خردوات+بامب+فوم+فارغ
خردوات بداره 2*1 كارت,12,https://www.royalelchim.app/search?q=خردوات+بداره+2*1+كارت
خردوات بداره 2*1 كارت ستان,20,https://www.royalelchim.app/search?q=خردوات+بداره+2*1+كارت+ستان
خردوات بداره مثلث ثلاثي,30,https://www.royalelchim.app/search?q=خردوات+بداره+مثلث+ثلاثي
خردوات بداره مثلث ثنائي,20,https://www.royalelchim.app/search?q=خردوات+بداره+مثلث+ثنائي
خردوات بداره مثلث ثنائي 197ay101,20,https://www.royalelchim.app/search?q=خردوات+بداره+مثلث+ثنائي+197ay101
خردوات بداره مشروم 194ay1166,20,https://www.royalelchim.app/search?q=خردوات+بداره+مشروم+194ay1166
خردوات برايه,20,https://www.royalelchim.app/search?q=خردوات+برايه
خردوات برايه دبل ض,20,https://www.royalelchim.app/search?q=خردوات+برايه+دبل+ض
خردوات برايه ديسكو,15,https://www.royalelchim.app/search?q=خردوات+برايه+ديسكو
خردوات بنز اظافر 177AY17,180,https://www.royalelchim.app/search?q=خردوات+بنز+اظافر+177AY17
خردوات بنز اظافر ايطالي ك,125,https://www.royalelchim.app/search?q=خردوات+بنز+اظافر+ايطالي+ك
خردوات بنز جلد 184AY18,130,https://www.royalelchim.app/search?q=خردوات+بنز+جلد+184AY18
خردوات بنز جلد ص BEAUTY TOOL,70,https://www.royalelchim.app/search?q=خردوات+بنز+جلد+ص+BEAUTY+TOOL
خردوات بنس 3841,7,https://www.royalelchim.app/search?q=خردوات+بنس+3841
خردوات بنس Fashion,20,https://www.royalelchim.app/search?q=خردوات+بنس+Fashion
خردوات بنس Y.z,9,https://www.royalelchim.app/search?q=خردوات+بنس+Y.z
خردوات بنس Yutong,20,https://www.royalelchim.app/search?q=خردوات+بنس+Yutong
خردوات بنس Yutong 30pcs,20,https://www.royalelchim.app/search?q=خردوات+بنس+Yutong+30pcs
خردوات بنس الوان ص,6,https://www.royalelchim.app/search?q=خردوات+بنس+الوان+ص
خردوات بنس شعر علبه ص,20,https://www.royalelchim.app/search?q=خردوات+بنس+شعر+علبه+ص
خردوات بنس عريض اطفال,18,https://www.royalelchim.app/search?q=خردوات+بنس+عريض+اطفال
خردوات بنس علي كارت BM-A092,20,https://www.royalelchim.app/search?q=خردوات+بنس+علي+كارت+BM-A092
خردوات بنس في علبه ارنب,30,https://www.royalelchim.app/search?q=خردوات+بنس+في+علبه+ارنب
خردوات بنس في علبه ارنب ك,10,https://www.royalelchim.app/search?q=خردوات+بنس+في+علبه+ارنب+ك
خردوات بنس كوبايه 181ay1880,35,https://www.royalelchim.app/search?q=خردوات+بنس+كوبايه+181ay1880
خردوات بنس نص كيلو 181ay8888,115,https://www.royalelchim.app/search?q=خردوات+بنس+نص+كيلو+181ay8888
خردوات بونيه حمام 3 قطع,12,https://www.royalelchim.app/search?q=خردوات+بونيه+حمام+3+قطع
خردوات بونيه حمام دكتور كات 164ay/19,15,https://www.royalelchim.app/search?q=خردوات+بونيه+حمام+دكتور+كات+164ay/19
خردوات بونيه حمام دكتور كات 164ay/20,20,https://www.royalelchim.app/search?q=خردوات+بونيه+حمام+دكتور+كات+164ay/20
خردوات بونيه حمام كيس,20,https://www.royalelchim.app/search?q=خردوات+بونيه+حمام+كيس
خردوات بونيه علبه,25,https://www.royalelchim.app/search?q=خردوات+بونيه+علبه
خردوات بونيه فرو,40,https://www.royalelchim.app/search?q=خردوات+بونيه+فرو
خردوات بيوتي بلندر ثلاثي 197ay102,25,https://www.royalelchim.app/search?q=خردوات+بيوتي+بلندر+ثلاثي+197ay102
خردوات بيوتي بلندر علبه,12,https://www.royalelchim.app/search?q=خردوات+بيوتي+بلندر+علبه
خردوات بيوتي بلندر علبه 194ay106,35,https://www.royalelchim.app/search?q=خردوات+بيوتي+بلندر+علبه+194ay106
خردوات بيوتي بلندر كوري 197ay117,40,https://www.royalelchim.app/search?q=خردوات+بيوتي+بلندر+كوري+197ay117
خردوات تاتو كريزي,15,https://www.royalelchim.app/search?q=خردوات+تاتو+كريزي
خردوات تاتو كيكو,35,https://www.royalelchim.app/search?q=خردوات+تاتو+كيكو
خردوات تب اظافر 500 ق,100,https://www.royalelchim.app/search?q=خردوات+تب+اظافر+500+ق
خردوات تستر ميداليه,65,https://www.royalelchim.app/search?q=خردوات+تستر+ميداليه
خردوات تنايه رموش,30,https://www.royalelchim.app/search?q=خردوات+تنايه+رموش
خردوات توكه شعر حشوه,5,https://www.royalelchim.app/search?q=خردوات+توكه+شعر+حشوه
خردوات جاروف ستريس,90,https://www.royalelchim.app/search?q=خردوات+جاروف+ستريس
خردوات جوانتي اسكراب,65,https://www.royalelchim.app/search?q=خردوات+جوانتي+اسكراب
خردوات حافظه عدسات,30,https://www.royalelchim.app/search?q=خردوات+حافظه+عدسات
خردوات حجر خفاف PUMIC STONE MADE IN POLAND,25,https://www.royalelchim.app/search?q=خردوات+حجر+خفاف+PUMIC+STONE+MADE+IN+POLAND
خردوات حجر كارت Yoyo,16,https://www.royalelchim.app/search?q=خردوات+حجر+كارت+Yoyo
خردوات حماله برا شفاف عريض,25,https://www.royalelchim.app/search?q=خردوات+حماله+برا+شفاف+عريض
خردوات حماله رفيع,12,https://www.royalelchim.app/search?q=خردوات+حماله+رفيع
خردوات حماله شفاف عادي رفيع,5,https://www.royalelchim.app/search?q=خردوات+حماله+شفاف+عادي+رفيع
خردوات حماله علي كارت,16,https://www.royalelchim.app/search?q=خردوات+حماله+علي+كارت
خردوات خله اسنان بلاستيك + خيط,20,https://www.royalelchim.app/search?q=خردوات+خله+اسنان+بلاستيك+++خيط
خردوات خله اسنان خشب 100 عود,25,https://www.royalelchim.app/search?q=خردوات+خله+اسنان+خشب+100+عود
خردوات خلخال ستيكر,15,https://www.royalelchim.app/search?q=خردوات+خلخال+ستيكر
خردوات دبوس تحجيبه 50 ص مربع,5,https://www.royalelchim.app/search?q=خردوات+دبوس+تحجيبه+50+ص+مربع
خردوات دبوس تحجيبه علبه ك,15,https://www.royalelchim.app/search?q=خردوات+دبوس+تحجيبه+علبه+ك
خردوات دبوس طرحه ابيض ك,20,https://www.royalelchim.app/search?q=خردوات+دبوس+طرحه+ابيض+ك
خردوات دبوس طرحه الوان,20,https://www.royalelchim.app/search?q=خردوات+دبوس+طرحه+الوان
خردوات دبوس طرحه بيضاوي,7٫5,https://www.royalelchim.app/search?q=خردوات+دبوس+طرحه+بيضاوي
خردوات دبوس طرحه ك,18,https://www.royalelchim.app/search?q=خردوات+دبوس+طرحه+ك
خردوات دبوس طرحه ص مدور,1,https://www.royalelchim.app/search?q=خردوات+دبوس+طرحه+ص+مدور
خردوات ديرما بلاينج,40,https://www.royalelchim.app/search?q=خردوات+ديرما+بلاينج
خردوات رفيغ تقسيم 12 عين,140,https://www.royalelchim.app/search?q=خردوات+رفيغ+تقسيم+12+عين
خردوات رموش 197ay30,35,https://www.royalelchim.app/search?q=خردوات+رموش+197ay30
خردوات رموش 6d,40,https://www.royalelchim.app/search?q=خردوات+رموش+6d
خردوات رموش 6d Mink Hair,20,https://www.royalelchim.app/search?q=خردوات+رموش+6d+Mink+Hair
خردوات رموش Alluring,70,https://www.royalelchim.app/search?q=خردوات+رموش+Alluring
خردوات رموش Alluring 6d,35,https://www.royalelchim.app/search?q=خردوات+رموش+Alluring+6d
خردوات رموش ALLURING 3420,40,https://www.royalelchim.app/search?q=خردوات+رموش+ALLURING+3420
خردوات رموش Ardell 3d Wispies,30,https://www.royalelchim.app/search?q=خردوات+رموش+Ardell+3d+Wispies
خردوات رموش Ardell Natural,25,https://www.royalelchim.app/search?q=خردوات+رموش+Ardell+Natural
خردوات رموش beauty,30,https://www.royalelchim.app/search?q=خردوات+رموش+beauty
خردوات رموش Bonjour,11,https://www.royalelchim.app/search?q=خردوات+رموش+Bonjour
خردوات رموش Hand Made,25,https://www.royalelchim.app/search?q=خردوات+رموش+Hand+Made
خردوات رموش Hand Made 8d,30,https://www.royalelchim.app/search?q=خردوات+رموش+Hand+Made+8d
خردوات رموش Jiefeibeauty 5d,25,https://www.royalelchim.app/search?q=خردوات+رموش+Jiefeibeauty+5d
خردوات رموش Mink 3d Hair,25,https://www.royalelchim.app/search?q=خردوات+رموش+Mink+3d+Hair
خردوات رموش Mink 3d Hair Huda,17,https://www.royalelchim.app/search?q=خردوات+رموش+Mink+3d+Hair+Huda
خردوات رموش Sheglam,40,https://www.royalelchim.app/search?q=خردوات+رموش+Sheglam
خردوات رموش Show Kiss,25,https://www.royalelchim.app/search?q=خردوات+رموش+Show+Kiss
خردوات رموش Snow,90,https://www.royalelchim.app/search?q=خردوات+رموش+Snow
خردوات رموش Snow 3d,45,https://www.royalelchim.app/search?q=خردوات+رموش+Snow+3d
خردوات رموش Yalla,40,https://www.royalelchim.app/search?q=خردوات+رموش+Yalla
خردوات رموش Yalla 8d,30,https://www.royalelchim.app/search?q=خردوات+رموش+Yalla+8d
خردوات رموش اتركتف 185ay106,35,https://www.royalelchim.app/search?q=خردوات+رموش+اتركتف+185ay106
خردوات رموش ثلاثيه 196ay5,60,https://www.royalelchim.app/search?q=خردوات+رموش+ثلاثيه+196ay5
خردوات رموش طبق,85,https://www.royalelchim.app/search?q=خردوات+رموش+طبق
خردوات رموش فاشونيستا 3*1,45,https://www.royalelchim.app/search?q=خردوات+رموش+فاشونيستا+3*1
خردوات رموش مينك سكس دي 101ay330,40,https://www.royalelchim.app/search?q=خردوات+رموش+مينك+سكس+دي+101ay330
خردوات رموش وان باي وان,75,https://www.royalelchim.app/search?q=خردوات+رموش+وان+باي+وان
خردوات زقاقه اكليريك لوكس,70,https://www.royalelchim.app/search?q=خردوات+زقاقه+اكليريك+لوكس
خردوات زقاقه الوان طيف,60,https://www.royalelchim.app/search?q=خردوات+زقاقه+الوان+طيف
خردوات زقاقه خشب,75,https://www.royalelchim.app/search?q=خردوات+زقاقه+خشب
خردوات ستامبه براندات,20,https://www.royalelchim.app/search?q=خردوات+ستامبه+براندات
خردوات ستامبه مدوره,20,https://www.royalelchim.app/search?q=خردوات+ستامبه+مدوره
خردوات ستامبه مستطيل,55,https://www.royalelchim.app/search?q=خردوات+ستامبه+مستطيل
خردوات ستريس جانجا,150,https://www.royalelchim.app/search?q=خردوات+ستريس+جانجا
خردوات ستيكرز مائي,45,https://www.royalelchim.app/search?q=خردوات+ستيكرز+مائي
خردوات سفنجه امبريه غيارات,100,https://www.royalelchim.app/search?q=خردوات+سفنجه+امبريه+غيارات
خردوات سنفره بلاستيك عريض,18,https://www.royalelchim.app/search?q=خردوات+سنفره+بلاستيك+عريض
خردوات سنفره قدم LALA,25,https://www.royalelchim.app/search?q=خردوات+سنفره+قدم+LALA
خردوات سنفره قدم yalla,30,https://www.royalelchim.app/search?q=خردوات+سنفره+قدم+yalla
خردوات سنفره قدم كيرف 186ay20,70,https://www.royalelchim.app/search?q=خردوات+سنفره+قدم+كيرف+186ay20
خردوات سنفره يد خشب,25,https://www.royalelchim.app/search?q=خردوات+سنفره+يد+خشب
خردوات سوسيه شعر اسفنج,45,https://www.royalelchim.app/search?q=خردوات+سوسيه+شعر+اسفنج
خردوات سوسيه شعر الوان,3,https://www.royalelchim.app/search?q=خردوات+سوسيه+شعر+الوان
خردوات سوسيه شعر الوان 6 كيس,28,https://www.royalelchim.app/search?q=خردوات+سوسيه+شعر+الوان+6+كيس
خردوات شراب سيلكون,100,https://www.royalelchim.app/search?q=خردوات+شراب+سيلكون
خردوات شريط الوان اكليريك,6,https://www.royalelchim.app/search?q=خردوات+شريط+الوان+اكليريك
خردوات شريط فويل,20,https://www.royalelchim.app/search?q=خردوات+شريط+فويل
خردوات شفرات ديرمابلاينج,5,https://www.royalelchim.app/search?q=خردوات+شفرات+ديرمابلاينج
خردوات شفرات للجسم,25,https://www.royalelchim.app/search?q=خردوات+شفرات+للجسم
خردوات شفره Flamingo,60,https://www.royalelchim.app/search?q=خردوات+شفره+Flamingo
خردوات شفره Pmi,40,https://www.royalelchim.app/search?q=خردوات+شفره+Pmi
خردوات شفره Thkie,25,https://www.royalelchim.app/search?q=خردوات+شفره+Thkie
خردوات شفره نسائيه,12,https://www.royalelchim.app/search?q=خردوات+شفره+نسائيه
خردوات شنطه محفظه ك,150,https://www.royalelchim.app/search?q=خردوات+شنطه+محفظه+ك
خردوات شنطه ميكب بوكس,100,https://www.royalelchim.app/search?q=خردوات+شنطه+ميكب+بوكس
خردوات شنطه ميكب بوكس ص,70,https://www.royalelchim.app/search?q=خردوات+شنطه+ميكب+بوكس+ص
خردوات شنطه ميكب ص ميتالك,55,https://www.royalelchim.app/search?q=خردوات+شنطه+ميكب+ص+ميتالك
خردوات صنفره قدم جراب,10,https://www.royalelchim.app/search?q=خردوات+صنفره+قدم+جراب
خردوات ضوافر استراس علبه,50,https://www.royalelchim.app/search?q=خردوات+ضوافر+استراس+علبه
خردوات طباعه سيليكون بغطا,110,https://www.royalelchim.app/search?q=خردوات+طباعه+سيليكون+بغطا
خردوات طباعه سيليكون شغبي,45,https://www.royalelchim.app/search?q=خردوات+طباعه+سيليكون+شغبي
خردوات طباعه سيليكون لمبه,90,https://www.royalelchim.app/search?q=خردوات+طباعه+سيليكون+لمبه
خردوات طقم باديكير محفظه ص,45,https://www.royalelchim.app/search?q=خردوات+طقم+باديكير+محفظه+ص
خردوات طقم باديكير محفظه لوكس,200,https://www.royalelchim.app/search?q=خردوات+طقم+باديكير+محفظه+لوكس
خردوات طقم ري ميل غيار,25,https://www.royalelchim.app/search?q=خردوات+طقم+ري+ميل+غيار
خردوات طقم زقاقه محترفين,135,https://www.royalelchim.app/search?q=خردوات+طقم+زقاقه+محترفين
خردوات طقم غيار بديكير,150,https://www.royalelchim.app/search?q=خردوات+طقم+غيار+بديكير
خردوات طقم فرش 22 قطعه 177ay75,150,https://www.royalelchim.app/search?q=خردوات+طقم+فرش+22+قطعه+177ay75
خردوات طقم فرش 24 قطعه Naked3,100,https://www.royalelchim.app/search?q=خردوات+طقم+فرش+24+قطعه+Naked3
خردوات طقم فرش 34 قطعه Naked3,120,https://www.royalelchim.app/search?q=خردوات+طقم+فرش+34+قطعه+Naked3
خردوات طقم فرش Huda Beauty,120,https://www.royalelchim.app/search?q=خردوات+طقم+فرش+Huda+Beauty
خردوات طقم فرش Nine9,120,https://www.royalelchim.app/search?q=خردوات+طقم+فرش+Nine9
خردوات طقم فرش Real Techniques,175,https://www.royalelchim.app/search?q=خردوات+طقم+فرش+Real+Techniques
خردوات طقم فرش Sweet Beauty,105,https://www.royalelchim.app/search?q=خردوات+طقم+فرش+Sweet+Beauty
خردوات طقم فرش استيكه,80,https://www.royalelchim.app/search?q=خردوات+طقم+فرش+استيكه
خردوات طقم فرش بلاشر + بداره شيت Abou Yousef,40,https://www.royalelchim.app/search?q=خردوات+طقم+فرش+بلاشر+++بداره+شيت+Abou+Yousef
خردوات طقم فرش علبه,90,https://www.royalelchim.app/search?q=خردوات+طقم+فرش+علبه
خردوات طقم فرش مراوح,110,https://www.royalelchim.app/search?q=خردوات+طقم+فرش+مراوح
خردوات طقم فرش ميكب 222,46,https://www.royalelchim.app/search?q=خردوات+طقم+فرش+ميكب+222
خردوات طقم فرش ميكب 7713,48,https://www.royalelchim.app/search?q=خردوات+طقم+فرش+ميكب+7713
خردوات طقم فرش/باديكير وسط,35,https://www.royalelchim.app/search?q=خردوات+طقم+فرش/باديكير+وسط
خردوات طقم فوارغ ش,60,https://www.royalelchim.app/search?q=خردوات+طقم+فوارغ+ش
خردوات طقم لصق رموش واظافر,50,https://www.royalelchim.app/search?q=خردوات+طقم+لصق+رموش+واظافر
خردوات طم فرش ميكب 259,36,https://www.royalelchim.app/search?q=خردوات+طم+فرش+ميكب+259
خردوات علبه بنس GOODY,8,https://www.royalelchim.app/search?q=خردوات+علبه+بنس+GOODY
خردوات فرش اسنان صغار,15,https://www.royalelchim.app/search?q=خردوات+فرش+اسنان+صغار
خردوات فرش اسنان كبار,17,https://www.royalelchim.app/search?q=خردوات+فرش+اسنان+كبار
خردوات فرش اكليريك مقاسات,120,https://www.royalelchim.app/search?q=خردوات+فرش+اكليريك+مقاسات
خردوات فرش ايشادو مشكل ص,15,https://www.royalelchim.app/search?q=خردوات+فرش+ايشادو+مشكل+ص
خردوات فرش بلاشر مشكل,65,https://www.royalelchim.app/search?q=خردوات+فرش+بلاشر+مشكل
خردوات فرشاة اساس ESSENCE,36,https://www.royalelchim.app/search?q=خردوات+فرشاة+اساس+ESSENCE
خردوات فرشاة كونتور ESSENCE,36,https://www.royalelchim.app/search?q=خردوات+فرشاة+كونتور+ESSENCE
خردوات فرشه اطفال مشط لوكس,20,https://www.royalelchim.app/search?q=خردوات+فرشه+اطفال+مشط+لوكس
خردوات فرشه اظافر ك او 2 ص,10,https://www.royalelchim.app/search?q=خردوات+فرشه+اظافر+ك+او+2+ص
خردوات فرشه ايشادو 10*1 LALA ESSENCE,10,https://www.royalelchim.app/search?q=خردوات+فرشه+ايشادو+10*1+LALA+ESSENCE
خردوات فرشه بلاشر ELF,24,https://www.royalelchim.app/search?q=خردوات+فرشه+بلاشر+ELF
خردوات فرشه بلاشر NOTE,55,https://www.royalelchim.app/search?q=خردوات+فرشه+بلاشر+NOTE
خردوات فرشه بلاشر سمكه,50,https://www.royalelchim.app/search?q=خردوات+فرشه+بلاشر+سمكه
خردوات فرشه بلاشر فضي,25,https://www.royalelchim.app/search?q=خردوات+فرشه+بلاشر+فضي
خردوات فرشه بلاشر مقاسات Essence,36,https://www.royalelchim.app/search?q=خردوات+فرشه+بلاشر+مقاسات+Essence
خردوات فرشه بيبي هير,55,https://www.royalelchim.app/search?q=خردوات+فرشه+بيبي+هير
خردوات فرشه بيضاوي,25,https://www.royalelchim.app/search?q=خردوات+فرشه+بيضاوي
خردوات فرشه هاي لايتر ص FAKE FACE,16,https://www.royalelchim.app/search?q=خردوات+فرشه+هاي+لايتر+ص+FAKE+FACE
خردوات فرشه هاي لايتر ك LTS,28,https://www.royalelchim.app/search?q=خردوات+فرشه+هاي+لايتر+ك+LTS
خردوات فرشه تشابك,45,https://www.royalelchim.app/search?q=خردوات+فرشه+تشابك
خردوات فرشه تشابك ش,20,https://www.royalelchim.app/search?q=خردوات+فرشه+تشابك+ش
خردوات فرشه تشابك +بيوتي بلندر 194ay120,50,https://www.royalelchim.app/search?q=خردوات+فرشه+تشابك++بيوتي+بلندر+194ay120
خردوات فرشه تشابك ص,30,https://www.royalelchim.app/search?q=خردوات+فرشه+تشابك+ص
خردوات فرشه جليتر سيليكون ص,27,https://www.royalelchim.app/search?q=خردوات+فرشه+جليتر+سيليكون+ص
خردوات فرشه جليتر سيليكون ك,38,https://www.royalelchim.app/search?q=خردوات+فرشه+جليتر+سيليكون+ك
خردوات فرشه خشب بيضاوي,25,https://www.royalelchim.app/search?q=خردوات+فرشه+خشب+بيضاوي
خردوات فرشه دبل حواجب,13,https://www.royalelchim.app/search?q=خردوات+فرشه+دبل+حواجب
خردوات فرشه دمج ايشادو,20,https://www.royalelchim.app/search?q=خردوات+فرشه+دمج+ايشادو
خردوات فرشه رسم اكليريك ش,30,https://www.royalelchim.app/search?q=خردوات+فرشه+رسم+اكليريك+ش
خردوات فرشه روجاجو RUBY FACE,55,https://www.royalelchim.app/search?q=خردوات+فرشه+روجاجو+RUBY+FACE
خردوات فرشه ستشوار Banat,60,https://www.royalelchim.app/search?q=خردوات+فرشه+ستشوار+Banat
خردوات فرشه سشزار 420,20,https://www.royalelchim.app/search?q=خردوات+فرشه+سشزار+420
خردوات فرشه سشوار 425,22,https://www.royalelchim.app/search?q=خردوات+فرشه+سشوار+425
خردوات فرشه سشوار Abou Yosef,35,https://www.royalelchim.app/search?q=خردوات+فرشه+سشوار+Abou+Yosef
خردوات فرشه سشوار كيس,35,https://www.royalelchim.app/search?q=خردوات+فرشه+سشوار+كيس
خردوات فرشه شعر فضي / دهبي حلزوني بيضاوي 160ay15,45,https://www.royalelchim.app/search?q=خردوات+فرشه+شعر+فضي+/+دهبي+حلزوني+بيضاوي+160ay15
خردوات فرشه شعر مربع ستايب,55,https://www.royalelchim.app/search?q=خردوات+فرشه+شعر+مربع+ستايب
خردوات فرشه فك تشابك Vepa,35,https://www.royalelchim.app/search?q=خردوات+فرشه+فك+تشابك+Vepa
خردوات فرشه كف,20,https://www.royalelchim.app/search?q=خردوات+فرشه+كف
خردوات فرشه كف خشب طبي,50,https://www.royalelchim.app/search?q=خردوات+فرشه+كف+خشب+طبي
خردوات فرشه كف عريض Visso,17,https://www.royalelchim.app/search?q=خردوات+فرشه+كف+عريض+Visso
خردوات فرشه كف عسلي,50,https://www.royalelchim.app/search?q=خردوات+فرشه+كف+عسلي
خردوات فرشه كف لوكس الوان,35,https://www.royalelchim.app/search?q=خردوات+فرشه+كف+لوكس+الوان
خردوات فرشه كيرلى,35,https://www.royalelchim.app/search?q=خردوات+فرشه+كيرلى
خردوات فرشه ليس عسلي,25,https://www.royalelchim.app/search?q=خردوات+فرشه+ليس+عسلي
خردوات فرشه ماسك بجراب,25,https://www.royalelchim.app/search?q=خردوات+فرشه+ماسك+بجراب
خردوات فرشه مساج ظهر,50,https://www.royalelchim.app/search?q=خردوات+فرشه+مساج+ظهر
خردوات فرشه مصباح كبير شعر طبيعي,30,https://www.royalelchim.app/search?q=خردوات+فرشه+مصباح+كبير+شعر+طبيعي
خردوات فرشه مصحح صsigma,12,https://www.royalelchim.app/search?q=خردوات+فرشه+مصحح+صsigma
خردوات فرشه يشادو دبل جراب,11,https://www.royalelchim.app/search?q=خردوات+فرشه+يشادو+دبل+جراب
خردوات فوارغ شعر مشط منقط,50,https://www.royalelchim.app/search?q=خردوات+فوارغ+شعر+مشط+منقط
خردوات فيتا بوكلت VETA 50,40,https://www.royalelchim.app/search?q=خردوات+فيتا+بوكلت+VETA+50
خردوات فيتا بوكليت VETA 20,28,https://www.royalelchim.app/search?q=خردوات+فيتا+بوكليت+VETA+20
خردوات فيتا بوكليت VETA 25,30,https://www.royalelchim.app/search?q=خردوات+فيتا+بوكليت+VETA+25
خردوات فيتا بوكليت VETA 40,36,https://www.royalelchim.app/search?q=خردوات+فيتا+بوكليت+VETA+40
خردوات فيتا بوكليت VETA 45,38,https://www.royalelchim.app/search?q=خردوات+فيتا+بوكليت+VETA+45
خردوات قصافه Yalla,35,https://www.royalelchim.app/search?q=خردوات+قصافه+Yalla
خردوات قصافه اسمايل,35,https://www.royalelchim.app/search?q=خردوات+قصافه+اسمايل
خردوات قصافه اكليريك ش,50,https://www.royalelchim.app/search?q=خردوات+قصافه+اكليريك+ش
خردوات قصافه اكليريك معدن لوكس,130,https://www.royalelchim.app/search?q=خردوات+قصافه+اكليريك+معدن+لوكس
خردوات قصافه بنز اظافر Zinger,60,https://www.royalelchim.app/search?q=خردوات+قصافه+بنز+اظافر+Zinger
خردوات قصافه بنز اظافر ك Cuticle,130,https://www.royalelchim.app/search?q=خردوات+قصافه+بنز+اظافر+ك+Cuticle
خردوات قصافه ثنائي 154ay48,15,https://www.royalelchim.app/search?q=خردوات+قصافه+ثنائي+154ay48
خردوات قصافه روديوم 177ay27,185,https://www.royalelchim.app/search?q=خردوات+قصافه+روديوم+177ay27
خردوات قصافه ك Lala,25,https://www.royalelchim.app/search?q=خردوات+قصافه+ك+Lala
خردوات قصافه ك SHERIF,20,https://www.royalelchim.app/search?q=خردوات+قصافه+ك+SHERIF
خردوات قصافه ك WOW,14,https://www.royalelchim.app/search?q=خردوات+قصافه+ك+WOW
خردوات قصافه ك كوكو,20,https://www.royalelchim.app/search?q=خردوات+قصافه+ك+كوكو
خردوات قصافه كوكو ص,16,https://www.royalelchim.app/search?q=خردوات+قصافه+كوكو+ص
خردوات قطن اذن JINY,15,https://www.royalelchim.app/search?q=خردوات+قطن+اذن+JINY
خردوات قطن اذن خشب,20,https://www.royalelchim.app/search?q=خردوات+قطن+اذن+خشب
خردوات قطن اذن خشب ص,10,https://www.royalelchim.app/search?q=خردوات+قطن+اذن+خشب+ص
خردوات قطن اذن خشب مدور ص,18,https://www.royalelchim.app/search?q=خردوات+قطن+اذن+خشب+مدور+ص
خردوات قطن اذن خشب مدور ك,20,https://www.royalelchim.app/search?q=خردوات+قطن+اذن+خشب+مدور+ك
خردوات قطن ميكب,40,https://www.royalelchim.app/search?q=خردوات+قطن+ميكب
خردوات قلم كروم الوان Magic,160,https://www.royalelchim.app/search?q=خردوات+قلم+كروم+الوان+Magic
خردوات قلم كروم هيلوجراف,160,https://www.royalelchim.app/search?q=خردوات+قلم+كروم+هيلوجراف
خردوات كتاب رموش 14 ق ابو يوسف,150,https://www.royalelchim.app/search?q=خردوات+كتاب+رموش+14+ق+ابو+يوسف
خردوات كرستالة ازاله شعر,80,https://www.royalelchim.app/search?q=خردوات+كرستالة+ازاله+شعر
خردوات كروم اكليريك لوكس,75,https://www.royalelchim.app/search?q=خردوات+كروم+اكليريك+لوكس
خردوات كريستاله Epilator,125,https://www.royalelchim.app/search?q=خردوات+كريستاله+Epilator
خردوات كريستاله ازاله شعر,125,https://www.royalelchim.app/search?q=خردوات+كريستاله+ازاله+شعر
خردوات كريستاله غطا,30,https://www.royalelchim.app/search?q=خردوات+كريستاله+غطا
خردوات كعب سيليكون,25,https://www.royalelchim.app/search?q=خردوات+كعب+سيليكون
خردوات كلبس استانلس 1 ق,5,https://www.royalelchim.app/search?q=خردوات+كلبس+استانلس+1+ق
خردوات كلبس تمساح,40,https://www.royalelchim.app/search?q=خردوات+كلبس+تمساح
خردوات كلبس ستانلس كيس,30,https://www.royalelchim.app/search?q=خردوات+كلبس+ستانلس+كيس
خردوات كلنج باد غسول,25,https://www.royalelchim.app/search?q=خردوات+كلنج+باد+غسول
خردوات كلينج باد,15,https://www.royalelchim.app/search?q=خردوات+كلينج+باد
خردوات كوين ماكينه حريمي 5ق,65,https://www.royalelchim.app/search?q=خردوات+كوين+ماكينه+حريمي+5ق
خردوات كيرلي علبه,50,https://www.royalelchim.app/search?q=خردوات+كيرلي+علبه
خردوات كيس اظافر علي كارت,5,https://www.royalelchim.app/search?q=خردوات+كيس+اظافر+علي+كارت
خردوات كيس تدريج ابيض,10,https://www.royalelchim.app/search?q=خردوات+كيس+تدريج+ابيض
خردوات كيس تدريج اسود,10,https://www.royalelchim.app/search?q=خردوات+كيس+تدريج+اسود
خردوات لاصق اظافر HUDA BEAUTY,25,https://www.royalelchim.app/search?q=خردوات+لاصق+اظافر+HUDA+BEAUTY
خردوات لزق اظافر Brush On,25,https://www.royalelchim.app/search?q=خردوات+لزق+اظافر+Brush+On
خردوات لزق اظافر Fengcal,25,https://www.royalelchim.app/search?q=خردوات+لزق+اظافر+Fengcal
خردوات لزق اظافر Hong Niu,25,https://www.royalelchim.app/search?q=خردوات+لزق+اظافر+Hong+Niu
خردوات لزق اظافر miss Nana,25,https://www.royalelchim.app/search?q=خردوات+لزق+اظافر+miss+Nana
خردوات لزق رموش BRUH ON,30,https://www.royalelchim.app/search?q=خردوات+لزق+رموش+BRUH+ON
خردوات لصق دبل فيس,10,https://www.royalelchim.app/search?q=خردوات+لصق+دبل+فيس
خردوات لصق دبل فيس 112ay12,20,https://www.royalelchim.app/search?q=خردوات+لصق+دبل+فيس+112ay12
خردوات لصق رموش Ardell,20,https://www.royalelchim.app/search?q=خردوات+لصق+رموش+Ardell
خردوات لصق رموش Duo,30,https://www.royalelchim.app/search?q=خردوات+لصق+رموش+Duo
خردوات لصق رموش Duo Eyeliner,20,https://www.royalelchim.app/search?q=خردوات+لصق+رموش+Duo+Eyeliner
خردوات لصق رموش Duo شفاف,15,https://www.royalelchim.app/search?q=خردوات+لصق+رموش+Duo+شفاف
خردوات لصق رموش Eye,25,https://www.royalelchim.app/search?q=خردوات+لصق+رموش+Eye
خردوات لصق رموش Eye Black,25,https://www.royalelchim.app/search?q=خردوات+لصق+رموش+Eye+Black
خردوات لصق رموش Eye شفاف,25,https://www.royalelchim.app/search?q=خردوات+لصق+رموش+Eye+شفاف
خردوات لصق رموش Huda,30,https://www.royalelchim.app/search?q=خردوات+لصق+رموش+Huda
خردوات لصق رموش Huda اسود,22,https://www.royalelchim.app/search?q=خردوات+لصق+رموش+Huda+اسود
خردوات لصق شد تجاعيد بشره,80,https://www.royalelchim.app/search?q=خردوات+لصق+شد+تجاعيد+بشره
خردوات لورو اسود,30,https://www.royalelchim.app/search?q=خردوات+لورو+اسود
خردوات لورو كوتش,14,https://www.royalelchim.app/search?q=خردوات+لورو+كوتش
خردوات لورو كوتش مقاس E-J40,18,https://www.royalelchim.app/search?q=خردوات+لورو+كوتش+مقاس+E-J40
خردوات لوفه طبيعي الوفاء,16,https://www.royalelchim.app/search?q=خردوات+لوفه+طبيعي+الوفاء
خردوات لوفه مغربيه علبه,35,https://www.royalelchim.app/search?q=خردوات+لوفه+مغربيه+علبه
خردوات لوفه مغربيه مستورد,22,https://www.royalelchim.app/search?q=خردوات+لوفه+مغربيه+مستورد
خردوات لوفه مغربيه يد خشب,40,https://www.royalelchim.app/search?q=خردوات+لوفه+مغربيه+يد+خشب
خردوات ليفه مغربيه,30,https://www.royalelchim.app/search?q=خردوات+ليفه+مغربيه
خردوات ليفه مغربيه الاصليه كسال,30,https://www.royalelchim.app/search?q=خردوات+ليفه+مغربيه+الاصليه+كسال
خردوات ماكينه حلاقه نسائي,20,https://www.royalelchim.app/search?q=خردوات+ماكينه+حلاقه+نسائي
خردوات ماكينه كريدو,25,https://www.royalelchim.app/search?q=خردوات+ماكينه+كريدو
خردوات مبرد Maxfactor 165ay/7,10,https://www.royalelchim.app/search?q=خردوات+مبرد+Maxfactor+165ay/7
خردوات مبرد O.P.I 100/180,10,https://www.royalelchim.app/search?q=خردوات+مبرد+O.P.I+100/180
خردوات مبرد اسود Coco,10,https://www.royalelchim.app/search?q=خردوات+مبرد+اسود+Coco
خردوات مبرد تلميع Coco,14,https://www.royalelchim.app/search?q=خردوات+مبرد+تلميع+Coco
خردوات مبرد خشب ص كيس,12,https://www.royalelchim.app/search?q=خردوات+مبرد+خشب+ص+كيس
خردوات مبرد د/كات ثلاثي 166ay/7,25,https://www.royalelchim.app/search?q=خردوات+مبرد+د/كات+ثلاثي+166ay/7
خردوات مبرد زجاج 177AY21,40,https://www.royalelchim.app/search?q=خردوات+مبرد+زجاج+177AY21
خردوات مبرد زقاقه 2*1 ص Coco,8,https://www.royalelchim.app/search?q=خردوات+مبرد+زقاقه+2*1+ص+Coco
خردوات مبرد ستانلس جراب,12٫5,https://www.royalelchim.app/search?q=خردوات+مبرد+ستانلس+جراب
خردوات مبرد ع كارت,20,https://www.royalelchim.app/search?q=خردوات+مبرد+ع+كارت
خردوات مبرد معدن Abou Yousef,10,https://www.royalelchim.app/search?q=خردوات+مبرد+معدن+Abou+Yousef
خردوات مبرد معدن Coco,24,https://www.royalelchim.app/search?q=خردوات+مبرد+معدن+Coco
خردوات مبرد معدن WOW,16,https://www.royalelchim.app/search?q=خردوات+مبرد+معدن+WOW
خردوات مبرد ملمع Yoyo,10,https://www.royalelchim.app/search?q=خردوات+مبرد+ملمع+Yoyo
خردوات مبرد ملمع اظافر اشكال,7,https://www.royalelchim.app/search?q=خردوات+مبرد+ملمع+اظافر+اشكال
خردوات مبشره سنفره بلاستيك ص,20,https://www.royalelchim.app/search?q=خردوات+مبشره+سنفره+بلاستيك+ص
خردوات مجموعه بودره كروم لوكس,160,https://www.royalelchim.app/search?q=خردوات+مجموعه+بودره+كروم+لوكس
"خردوات مخمريه غلبه B.A,B",10,"https://www.royalelchim.app/search?q=خردوات+مخمريه+غلبه+B.A,B"
خردوات مرايا ستاند 128ay/18,10,https://www.royalelchim.app/search?q=خردوات+مرايا+ستاند+128ay/18
خردوات مرايه Bink,55,https://www.royalelchim.app/search?q=خردوات+مرايه+Bink
خردوات مشبك بولي جيل,25,https://www.royalelchim.app/search?q=خردوات+مشبك+بولي+جيل
خردوات مشط اسود كيس الوان,5,https://www.royalelchim.app/search?q=خردوات+مشط+اسود+كيس+الوان
خردوات مشط اسود متنوع كيس,7,https://www.royalelchim.app/search?q=خردوات+مشط+اسود+متنوع+كيس
خردوات مشط الوان,30,https://www.royalelchim.app/search?q=خردوات+مشط+الوان
خردوات مشط الوان لوكس,10,https://www.royalelchim.app/search?q=خردوات+مشط+الوان+لوكس
خردوات مشط انجليزي,20,https://www.royalelchim.app/search?q=خردوات+مشط+انجليزي
خردوات مشط بونطه ص,7٫5,https://www.royalelchim.app/search?q=خردوات+مشط+بونطه+ص
خردوات مشط بونطه ك,10,https://www.royalelchim.app/search?q=خردوات+مشط+بونطه+ك
خردوات مشط خشب ص,25,https://www.royalelchim.app/search?q=خردوات+مشط+خشب+ص
خردوات مشط خشب ك,14,https://www.royalelchim.app/search?q=خردوات+مشط+خشب+ك
خردوات مشط خشب مستورد ص,20,https://www.royalelchim.app/search?q=خردوات+مشط+خشب+مستورد+ص
خردوات مشط سمكه,7,https://www.royalelchim.app/search?q=خردوات+مشط+سمكه
خردوات مشط شوكه حديد,10,https://www.royalelchim.app/search?q=خردوات+مشط+شوكه+حديد
خردوات مشط علي كارت MEGA,10,https://www.royalelchim.app/search?q=خردوات+مشط+علي+كارت+MEGA
خردوات مشط كف علي كارت,10,https://www.royalelchim.app/search?q=خردوات+مشط+كف+علي+كارت
خردوات مقص ابو يوسف 186ay22,55,https://www.royalelchim.app/search?q=خردوات+مقص+ابو+يوسف+186ay22
خردوات مقص اسود,35,https://www.royalelchim.app/search?q=خردوات+مقص+اسود
خردوات مقص باكستاني SALOON LINE,100,https://www.royalelchim.app/search?q=خردوات+مقص+باكستاني+SALOON+LINE
خردوات ملفاظ معوج مشجر,18,https://www.royalelchim.app/search?q=خردوات+ملفاظ+معوج+مشجر
خردوات ملقات ع كارت,6,https://www.royalelchim.app/search?q=خردوات+ملقات+ع+كارت
خردوات ملقاط 184ay34,45,https://www.royalelchim.app/search?q=خردوات+ملقاط+184ay34
خردوات ملقاط 173ay83,45,https://www.royalelchim.app/search?q=خردوات+ملقاط+173ay83
خردوات ملقاط 184ay42,35,https://www.royalelchim.app/search?q=خردوات+ملقاط+184ay42
خردوات ملقاط استالس 184ay41,35,https://www.royalelchim.app/search?q=خردوات+ملقاط+استالس+184ay41
خردوات ملقاط اشكال Lala,18,https://www.royalelchim.app/search?q=خردوات+ملقاط+اشكال+Lala
خردوات ملقاط الوان 184ay34,45,https://www.royalelchim.app/search?q=خردوات+ملقاط+الوان+184ay34
خردوات ملقاط بصمه,20,https://www.royalelchim.app/search?q=خردوات+ملقاط+بصمه
خردوات ملقاط بفرشه 173ay82,45,https://www.royalelchim.app/search?q=خردوات+ملقاط+بفرشه+173ay82
خردوات ملقاط دبل 170ay6,30,https://www.royalelchim.app/search?q=خردوات+ملقاط+دبل+170ay6
خردوات ملقاط رموش,50,https://www.royalelchim.app/search?q=خردوات+ملقاط+رموش
خردوات ملقاط صيني,10,https://www.royalelchim.app/search?q=خردوات+ملقاط+صيني
خردوات ملقاط فحم اسود + سيلفر,10,https://www.royalelchim.app/search?q=خردوات+ملقاط+فحم+اسود+++سيلفر
خردوات ملقاط لوكس,40,https://www.royalelchim.app/search?q=خردوات+ملقاط+لوكس
خردوات ملقاط لوكس الوان,35,https://www.royalelchim.app/search?q=خردوات+ملقاط+لوكس+الوان
خردوات ملقاط مشط,11,https://www.royalelchim.app/search?q=خردوات+ملقاط+مشط
خردوات مناديل ازاله مكياج ص,15,https://www.royalelchim.app/search?q=خردوات+مناديل+ازاله+مكياج+ص
خردوات منظم اكليريك 164ay/96,75,https://www.royalelchim.app/search?q=خردوات+منظم+اكليريك+164ay/96
خردوات منظم ميكب 360درجه,450,https://www.royalelchim.app/search?q=خردوات+منظم+ميكب+360درجه
خردوات موس حواجب Tinkle,15,https://www.royalelchim.app/search?q=خردوات+موس+حواجب+Tinkle
خردوات ميكب 024,40,https://www.royalelchim.app/search?q=خردوات+ميكب+024
خردوات نقاطه ش,50,https://www.royalelchim.app/search?q=خردوات+نقاطه+ش
خردوات نقاظه لوكس,100,https://www.royalelchim.app/search?q=خردوات+نقاظه+لوكس
خردوات ورد مجفف 12 عين,140,https://www.royalelchim.app/search?q=خردوات+ورد+مجفف+12+عين
خردوات ورق تاتو,20,https://www.royalelchim.app/search?q=خردوات+ورق+تاتو
خردوات ورق تاتو + حنه,15,https://www.royalelchim.app/search?q=خردوات+ورق+تاتو+++حنه
خردوات ورق تاتو M2,10,https://www.royalelchim.app/search?q=خردوات+ورق+تاتو+M2
خردوات ورق تاتو M3,15,https://www.royalelchim.app/search?q=خردوات+ورق+تاتو+M3
خردوات ورق تاتو St 47,8,https://www.royalelchim.app/search?q=خردوات+ورق+تاتو+St+47
خردوات ورق حنه ص,5,https://www.royalelchim.app/search?q=خردوات+ورق+حنه+ص
زجاج 3G الوان-88 زجاج,45,https://www.royalelchim.app/search?q=زجاج+3G+الوان-88+زجاج
زجاج 80 - صيني ملي - صيني ملي 70 بر انشاص,25,https://www.royalelchim.app/search?q=زجاج+80+-+صيني+ملي+-+صيني+ملي+70+بر+انشاص
زجاج 80-اسود ملي- اسود ملي 50 اك انشاص,50,https://www.royalelchim.app/search?q=زجاج+80-اسود+ملي-+اسود+ملي+50+اك+انشاص
زجاج 120-كلاسيك ملي- كلاسيك ملي 50 الذهب ماء الذهب ماء انشاص,36,https://www.royalelchim.app/search?q=زجاج+120-كلاسيك+ملي-+كلاسيك+ملي+50+الذهب+ماء+الذهب+ماء+انشاص
زجاج 120-ملي 50 سينم انشاص,23,https://www.royalelchim.app/search?q=زجاج+120-ملي+50+سينم+انشاص
زجاج 360-ملي 10 جديد الوان ت انشاص,40,https://www.royalelchim.app/search?q=زجاج+360-ملي+10+جديد+الوان+ت+انشاص
زجاج تستر 6 مللي زجاج,7٫5,https://www.royalelchim.app/search?q=زجاج+تستر+6+مللي+زجاج
زجاج زجاج سوفاج اسود 50 جم,45,https://www.royalelchim.app/search?q=زجاج+زجاج+سوفاج+اسود+50+جم
زجاج زجاج شرقي 35 ML,55,https://www.royalelchim.app/search?q=زجاج+زجاج+شرقي+35+ML
زجاج زجاج شرقي غطاء ورده 60 مللي,70,https://www.royalelchim.app/search?q=زجاج+زجاج+شرقي+غطاء+ورده+60+مللي
زجاج زجاج شرقي مدور 50 مللي,50,https://www.royalelchim.app/search?q=زجاج+زجاج+شرقي+مدور+50+مللي
زجاج زجاج مكعب الوان 40 مللي,55,https://www.royalelchim.app/search?q=زجاج+زجاج+مكعب+الوان+40+مللي
زجاج زجاج مكعب الوان 50 مللي,65,https://www.royalelchim.app/search?q=زجاج+زجاج+مكعب+الوان+50+مللي
زجاج سلطان بورسلين 50 مللي,60,https://www.royalelchim.app/search?q=زجاج+سلطان+بورسلين+50+مللي
زجاج سلفر خليجي,70,https://www.royalelchim.app/search?q=زجاج+سلفر+خليجي
زجاج عروسه 18 مللي,10,https://www.royalelchim.app/search?q=زجاج+عروسه+18+مللي
زجاج عسلي خليجي شفاف 40 مللي,55,https://www.royalelchim.app/search?q=زجاج+عسلي+خليجي+شفاف+40+مللي
زجاج كريستال ساده اسود 70 مللي,65,https://www.royalelchim.app/search?q=زجاج+كريستال+ساده+اسود+70+مللي
زجاج كريستال عالي 50 مللي,75,https://www.royalelchim.app/search?q=زجاج+كريستال+عالي+50+مللي
زجاج كريستال عالي 70 مللي,80,https://www.royalelchim.app/search?q=زجاج+كريستال+عالي+70+مللي
زجاج مضلع ثلاثي 50 مللي,70,https://www.royalelchim.app/search?q=زجاج+مضلع+ثلاثي+50+مللي
زجاج مظلع شرقي 50 مللي,65,https://www.royalelchim.app/search?q=زجاج+مظلع+شرقي+50+مللي
زجاج ميتالك مدور 40 مللي,70,https://www.royalelchim.app/search?q=زجاج+ميتالك+مدور+40+مللي
زجاج ن ملي الوان ملي 50 س,50,https://www.royalelchim.app/search?q=زجاج+ن+ملي+الوان+ملي+50+س
سعيد سالم Kr Hair Masque,225,https://www.royalelchim.app/search?q=سعيد+سالم+Kr+Hair+Masque
سعيد سالم Kr Blisse Toppure Keratin Treatment,375,https://www.royalelchim.app/search?q=سعيد+سالم+Kr+Blisse+Toppure+Keratin+Treatment
سعيد سالم KR TOPPIC BROWN,160,https://www.royalelchim.app/search?q=سعيد+سالم+KR+TOPPIC+BROWN
سعيد سالم NOSE TRIMMER KR,40,https://www.royalelchim.app/search?q=سعيد+سالم+NOSE+TRIMMER+KR
سعيد سالم PROFSSIONAL LINE BLACK4205,125,https://www.royalelchim.app/search?q=سعيد+سالم+PROFSSIONAL+LINE+BLACK4205
سعيد سالم باكستاني مقص تروكت 6.5 بوصه,95,https://www.royalelchim.app/search?q=سعيد+سالم+باكستاني+مقص+تروكت+6.5+بوصه
سعيد سالم باكستاني مقص تروكت 7 بوصه,95,https://www.royalelchim.app/search?q=سعيد+سالم+باكستاني+مقص+تروكت+7+بوصه
سعيد سالم جهاز واكس GI&GI/ SINGLE,200,https://www.royalelchim.app/search?q=سعيد+سالم+جهاز+واكس+GI&GI/+SINGLE
سعيد سالم ديرما استخدام مره واحده,65,https://www.royalelchim.app/search?q=سعيد+سالم+ديرما+استخدام+مره+واحده
سعيد سالم رول رقبه تركي PNG,70,https://www.royalelchim.app/search?q=سعيد+سالم+رول+رقبه+تركي+PNG
سعيد سالم سشوار ELCHIM 2001,1950,https://www.royalelchim.app/search?q=سعيد+سالم+سشوار+ELCHIM+2001
سعيد سالم شفره SS معدن 6525,60,https://www.royalelchim.app/search?q=سعيد+سالم+شفره+SS+معدن+6525
سعيد سالم شفره رويال,40,https://www.royalelchim.app/search?q=سعيد+سالم+شفره+رويال
سعيد سالم صنفره قدم KRP-W23,22,https://www.royalelchim.app/search?q=سعيد+سالم+صنفره+قدم+KRP-W23
سعيد سالم صنفره قدم KRP-W24,28,https://www.royalelchim.app/search?q=سعيد+سالم+صنفره+قدم+KRP-W24
سعيد سالم فرشه تسريح B10,65,https://www.royalelchim.app/search?q=سعيد+سالم+فرشه+تسريح+B10
سعيد سالم فرشه تسريح B11,65,https://www.royalelchim.app/search?q=سعيد+سالم+فرشه+تسريح+B11
سعيد سالم فرشه تسريح B12,65,https://www.royalelchim.app/search?q=سعيد+سالم+فرشه+تسريح+B12
سعيد سالم فرشه تسريح B13,65,https://www.royalelchim.app/search?q=سعيد+سالم+فرشه+تسريح+B13
سعيد سالم فرشه تسريح B14,65,https://www.royalelchim.app/search?q=سعيد+سالم+فرشه+تسريح+B14
سعيد سالم فرشه تسريح B15,80,https://www.royalelchim.app/search?q=سعيد+سالم+فرشه+تسريح+B15
سعيد سالم فرشه تسريح B16,68,https://www.royalelchim.app/search?q=سعيد+سالم+فرشه+تسريح+B16
سعيد سالم فرشه تسريح B17,80,https://www.royalelchim.app/search?q=سعيد+سالم+فرشه+تسريح+B17
سعيد سالم فرشه تسريح B18,80,https://www.royalelchim.app/search?q=سعيد+سالم+فرشه+تسريح+B18
سعيد سالم فرشه تسريح P10,55,https://www.royalelchim.app/search?q=سعيد+سالم+فرشه+تسريح+P10
سعيد سالم فرشه تسريح P11,55,https://www.royalelchim.app/search?q=سعيد+سالم+فرشه+تسريح+P11
سعيد سالم فرشه تسريح P12,50,https://www.royalelchim.app/search?q=سعيد+سالم+فرشه+تسريح+P12
سعيد سالم فرشه تسريح P13,60,https://www.royalelchim.app/search?q=سعيد+سالم+فرشه+تسريح+P13
سعيد سالم فرشه تسريح P14,55,https://www.royalelchim.app/search?q=سعيد+سالم+فرشه+تسريح+P14
سعيد سالم فرشه تسريح P16,50,https://www.royalelchim.app/search?q=سعيد+سالم+فرشه+تسريح+P16
سعيد سالم فرشه سشوار HB 1002,35,https://www.royalelchim.app/search?q=سعيد+سالم+فرشه+سشوار+HB+1002
سعيد سالم كي ار اسبراي دهبي 150 مل,40,https://www.royalelchim.app/search?q=سعيد+سالم+كي+ار+اسبراي+دهبي+150+مل
سعيد سالم كي ار جهاز تاتو 3 سرعه جلد علبه 01 اسود,2250,https://www.royalelchim.app/search?q=سعيد+سالم+كي+ار+جهاز+تاتو+3+سرعه+جلد+علبه+01+اسود
سعيد سالم كي ار حشو 2385 B,44,https://www.royalelchim.app/search?q=سعيد+سالم+كي+ار+حشو+2385+B
سعيد سالم كي ار حشو شعر 2382 B,44,https://www.royalelchim.app/search?q=سعيد+سالم+كي+ار+حشو+شعر+2382+B
سعيد سالم كي ار حشو شعر 2383 B,50,https://www.royalelchim.app/search?q=سعيد+سالم+كي+ار+حشو+شعر+2383+B
سعيد سالم كي ار حشو شعر 2385 C,44,https://www.royalelchim.app/search?q=سعيد+سالم+كي+ار+حشو+شعر+2385+C
سعيد سالم كي ار حشو شعر 2386 B,60,https://www.royalelchim.app/search?q=سعيد+سالم+كي+ار+حشو+شعر+2386+B
سعيد سالم كي ار حشو شعر 2386 C,64,https://www.royalelchim.app/search?q=سعيد+سالم+كي+ار+حشو+شعر+2386+C
سعيد سالم كي ار حشو شعر 2387 B,54,https://www.royalelchim.app/search?q=سعيد+سالم+كي+ار+حشو+شعر+2387+B
سعيد سالم كي ار حشو شعر 2387 C,84,https://www.royalelchim.app/search?q=سعيد+سالم+كي+ار+حشو+شعر+2387+C
سعيد سالم كى ار طقم باديكير 4 قطع B02A,56,https://www.royalelchim.app/search?q=سعيد+سالم+كى+ار+طقم+باديكير+4+قطع+B02A
سعيد سالم كى ار طقم باديكير 4قطع B020B,56,https://www.royalelchim.app/search?q=سعيد+سالم+كى+ار+طقم+باديكير+4قطع+B020B
سعيد سالم كي ار فراشين ص 004,90,https://www.royalelchim.app/search?q=سعيد+سالم+كي+ار+فراشين+ص+004
سعيد سالم كي ار فرد انبوبه 120 ML,115,https://www.royalelchim.app/search?q=سعيد+سالم+كي+ار+فرد+انبوبه+120+ML
سعيد سالم كي ار قراشين ك 005,90,https://www.royalelchim.app/search?q=سعيد+سالم+كي+ار+قراشين+ك+005
سعيد سالم كى ار ماكينه كريدو معدن - 25 A,45,https://www.royalelchim.app/search?q=سعيد+سالم+كى+ار+ماكينه+كريدو+معدن+-+25+A
سعيد سالم كي ار مشط 7268,12,https://www.royalelchim.app/search?q=سعيد+سالم+كي+ار+مشط+7268
سعيد سالم كي ار مشط بونطه 014,15,https://www.royalelchim.app/search?q=سعيد+سالم+كي+ار+مشط+بونطه+014
سعيد سالم كي ار مشط بونطه 015,15,https://www.royalelchim.app/search?q=سعيد+سالم+كي+ار+مشط+بونطه+015
سعيد سالم كي ار مشط بونطه 016,15,https://www.royalelchim.app/search?q=سعيد+سالم+كي+ار+مشط+بونطه+016
سعيد سالم كي ار مشط عسلي 1264,15,https://www.royalelchim.app/search?q=سعيد+سالم+كي+ار+مشط+عسلي+1264
سعيد سالم كي ار مشط عسلي 1268,15,https://www.royalelchim.app/search?q=سعيد+سالم+كي+ار+مشط+عسلي+1268
سعيد سالم كي ار مشط عسلي 1269,15,https://www.royalelchim.app/search?q=سعيد+سالم+كي+ار+مشط+عسلي+1269
سعيد سالم كي ار مشط عسلي 1962,15,https://www.royalelchim.app/search?q=سعيد+سالم+كي+ار+مشط+عسلي+1962
سعيد سالم كي ار مقص حواجب F-20A,25,https://www.royalelchim.app/search?q=سعيد+سالم+كي+ار+مقص+حواجب+F-20A
سعيد سالم كى ار مقص حواجب KR-E02,25,https://www.royalelchim.app/search?q=سعيد+سالم+كى+ار+مقص+حواجب+KR-E02
سعيد سالم كي ار مكواه تكسير KRP-3597,600,https://www.royalelchim.app/search?q=سعيد+سالم+كي+ار+مكواه+تكسير+KRP-3597
سعيد سالم كي ار مكواه تكسير KRP-3628,600,https://www.royalelchim.app/search?q=سعيد+سالم+كي+ار+مكواه+تكسير+KRP-3628
سعيد سالم مشط كى ار عسلى 1274,15,https://www.royalelchim.app/search?q=سعيد+سالم+مشط+كى+ار+عسلى+1274
"سعيد سالم مقص باكستانى 2905/ 6""",60,"https://www.royalelchim.app/search?q=سعيد+سالم+مقص+باكستانى+2905/+6"""
سعيد سالم مقص جراب اسود 3905,150,https://www.royalelchim.app/search?q=سعيد+سالم+مقص+جراب+اسود+3905
سعيد سالم مقص حواجب 20--,75,https://www.royalelchim.app/search?q=سعيد+سالم+مقص+حواجب+20--
سعيد سالم ورق شمع PNG,45,https://www.royalelchim.app/search?q=سعيد+سالم+ورق+شمع+PNG
شركه WILLY Karesse 75 ML,35,https://www.royalelchim.app/search?q=شركه+WILLY+Karesse+75+ML
شركه WILLY Karesse 300 Ml,90,https://www.royalelchim.app/search?q=شركه+WILLY+Karesse+300+Ml
شركه WILLY Karesse 500 Ml,100,https://www.royalelchim.app/search?q=شركه+WILLY+Karesse+500+Ml
شركه WILLY Shaving Cream Extre Smoth,18,https://www.royalelchim.app/search?q=شركه+WILLY+Shaving+Cream+Extre+Smoth
شركه WILLY Shaving Cream Newlook,18,https://www.royalelchim.app/search?q=شركه+WILLY+Shaving+Cream+Newlook
شركه WILLY Tropicana Arabic Musk,18,https://www.royalelchim.app/search?q=شركه+WILLY+Tropicana+Arabic+Musk
شركه WILLY Tropicana Framboise,18,https://www.royalelchim.app/search?q=شركه+WILLY+Tropicana+Framboise
شركه WILLY Tropicana Lavender,18,https://www.royalelchim.app/search?q=شركه+WILLY+Tropicana+Lavender
شركه WILLY Tropicana Peach,18,https://www.royalelchim.app/search?q=شركه+WILLY+Tropicana+Peach
شركه WILLY Tropicana Rose,18,https://www.royalelchim.app/search?q=شركه+WILLY+Tropicana+Rose
شركه WILLY Tropicana Strawberry,18,https://www.royalelchim.app/search?q=شركه+WILLY+Tropicana+Strawberry
شركه WILLY Voodoo Shaving Foam,45,https://www.royalelchim.app/search?q=شركه+WILLY+Voodoo+Shaving+Foam
شركه WILLY Voodoo Shaving Foam 50 Ml,20,https://www.royalelchim.app/search?q=شركه+WILLY+Voodoo+Shaving+Foam+50+Ml
شركه WILLY Voodoo Shaving Foam 200 Ml,45,https://www.royalelchim.app/search?q=شركه+WILLY+Voodoo+Shaving+Foam+200+Ml
شركه WILLY حمام كريم ويللي 1000 GM,42,https://www.royalelchim.app/search?q=شركه+WILLY+حمام+كريم+ويللي+1000+GM
شركه WILLY ملمع موبيليا ومعطر,25,https://www.royalelchim.app/search?q=شركه+WILLY+ملمع+موبيليا+ومعطر
شركه WILLY ملمع موبيليا ومعطر 33%+,25,https://www.royalelchim.app/search?q=شركه+WILLY+ملمع+موبيليا+ومعطر+33%+
شركه XL 1 BILLION MASCULIN,85,https://www.royalelchim.app/search?q=شركه+XL+1+BILLION+MASCULIN
شركه XL AZZURA FEMININE,95,https://www.royalelchim.app/search?q=شركه+XL+AZZURA+FEMININE
شركه XL GRAND SPRAY MASCULINE,85,https://www.royalelchim.app/search?q=شركه+XL+GRAND+SPRAY+MASCULINE
شركه XL L'AMOUR FEMINI,95,https://www.royalelchim.app/search?q=شركه+XL+L'AMOUR+FEMINI
شركه XL PASSION FEMINI,85,https://www.royalelchim.app/search?q=شركه+XL+PASSION+FEMINI
شركه XL SILVER L'HOMME,40,https://www.royalelchim.app/search?q=شركه+XL+SILVER+L'HOMME
شركه XL TANGO FEMININE,40,https://www.royalelchim.app/search?q=شركه+XL+TANGO+FEMININE
شركه XL XL GOLD FMINI,95,https://www.royalelchim.app/search?q=شركه+XL+XL+GOLD+FMINI
شركه XL XL SPRY BONJOUR F,95,https://www.royalelchim.app/search?q=شركه+XL+XL+SPRY+BONJOUR+F
شركه XL XL SPRY CACHE D'OR F,95,https://www.royalelchim.app/search?q=شركه+XL+XL+SPRY+CACHE+D'OR+F
شركه XL XL SPRY CHERIE,95,https://www.royalelchim.app/search?q=شركه+XL+XL+SPRY+CHERIE
شركه XL XL SPRY LADY BILLIONAIRE,95,https://www.royalelchim.app/search?q=شركه+XL+XL+SPRY+LADY+BILLIONAIRE
شركه XL XL SPRY SILVER W,95,https://www.royalelchim.app/search?q=شركه+XL+XL+SPRY+SILVER+W
شركه XL Xl مشكل,95,https://www.royalelchim.app/search?q=شركه+XL+Xl+مشكل
شركه فرست balsam Keratin Blob For Dyed Hair,30,https://www.royalelchim.app/search?q=شركه+فرست+balsam+Keratin+Blob+For+Dyed+Hair
شركه فرست Blob Coditioner 1l Marrow & Proteins,65,https://www.royalelchim.app/search?q=شركه+فرست+Blob+Coditioner+1l+Marrow+&+Proteins
شركه فرست Blob Conditioner 1l Ginseng,65,https://www.royalelchim.app/search?q=شركه+فرست+Blob+Conditioner+1l+Ginseng
شركه فرست Blob Conditioner 1l Honey,65,https://www.royalelchim.app/search?q=شركه+فرست+Blob+Conditioner+1l+Honey
شركه فرست Blob Conditioner 1l Keratine,65,https://www.royalelchim.app/search?q=شركه+فرست+Blob+Conditioner+1l+Keratine
شركه فرست Blob Conditioner 1l Moroccan Argan Oil,65,https://www.royalelchim.app/search?q=شركه+فرست+Blob+Conditioner+1l+Moroccan+Argan+Oil
شركه فرست Blob Dressing Cream Almond Oil,55,https://www.royalelchim.app/search?q=شركه+فرست+Blob+Dressing+Cream+Almond+Oil
شركه فرست Blob Dressing Cream Argan Oil 250gm,55,https://www.royalelchim.app/search?q=شركه+فرست+Blob+Dressing+Cream+Argan+Oil+250gm
شركه فرست Blob Dressing Cream BAMBOO MARROW 220GM,40,https://www.royalelchim.app/search?q=شركه+فرست+Blob+Dressing+Cream+BAMBOO+MARROW+220GM
شركه فرست Blob Dressing Cream COLEGEN220GM,40,https://www.royalelchim.app/search?q=شركه+فرست+Blob+Dressing+Cream+COLEGEN220GM
شركه فرست Blob Dressing Cream COPRA 220GM,40,https://www.royalelchim.app/search?q=شركه+فرست+Blob+Dressing+Cream+COPRA+220GM
شركه فرست Blob Dressing Cream Ginseng 250gm,55,https://www.royalelchim.app/search?q=شركه+فرست+Blob+Dressing+Cream+Ginseng+250gm
شركه فرست Blob Dressing Cream Keratin 250gm,55,https://www.royalelchim.app/search?q=شركه+فرست+Blob+Dressing+Cream+Keratin+250gm
شركه فرست Blob Dressing Cream Kratin 220GM,40,https://www.royalelchim.app/search?q=شركه+فرست+Blob+Dressing+Cream+Kratin+220GM
شركه فرست Blob Dressing Cream Olive Oil 250gm,55,https://www.royalelchim.app/search?q=شركه+فرست+Blob+Dressing+Cream+Olive+Oil+250gm
شركه فرست Blob Dressing Cream Protine,40,https://www.royalelchim.app/search?q=شركه+فرست+Blob+Dressing+Cream+Protine
شركه فرست Blob Gel White,35,https://www.royalelchim.app/search?q=شركه+فرست+Blob+Gel+White
شركه فرست Blob Hair Oil Almond,60,https://www.royalelchim.app/search?q=شركه+فرست+Blob+Hair+Oil+Almond
شركه فرست Blob Hair Oil Avocado & Aloe Vera,60,https://www.royalelchim.app/search?q=شركه+فرست+Blob+Hair+Oil+Avocado+&+Aloe+Vera
شركه فرست Blob Hair Oil Coconut Oil,60,https://www.royalelchim.app/search?q=شركه+فرست+Blob+Hair+Oil+Coconut+Oil
شركه فرست Blob Hair Oil Garlic,60,https://www.royalelchim.app/search?q=شركه+فرست+Blob+Hair+Oil+Garlic
شركه فرست Blob Hair Oil Jamaican Black Castor Oil,60,https://www.royalelchim.app/search?q=شركه+فرست+Blob+Hair+Oil+Jamaican+Black+Castor+Oil
شركه فرست Blob Hair Spray 500 Ml,150,https://www.royalelchim.app/search?q=شركه+فرست+Blob+Hair+Spray+500+Ml
شركه فرست Blob Oxygen 6% 100 Ml,10,https://www.royalelchim.app/search?q=شركه+فرست+Blob+Oxygen+6%+100+Ml
شركه فرست Blob Scrub Cream خوخ,20,https://www.royalelchim.app/search?q=شركه+فرست+Blob+Scrub+Cream+خوخ
شركه فرست Blob Scrub Cream دهب,20,https://www.royalelchim.app/search?q=شركه+فرست+Blob+Scrub+Cream+دهب
شركه فرست Blob Scrub Cream طمي,20,https://www.royalelchim.app/search?q=شركه+فرست+Blob+Scrub+Cream+طمي
شركه فرست Blob Shampo 1l Ginseng,60,https://www.royalelchim.app/search?q=شركه+فرست+Blob+Shampo+1l+Ginseng
شركه فرست Blob Shampo 1l Honey,65,https://www.royalelchim.app/search?q=شركه+فرست+Blob+Shampo+1l+Honey
شركه فرست Blob Shampo 1l Keratin,65,https://www.royalelchim.app/search?q=شركه+فرست+Blob+Shampo+1l+Keratin
شركه فرست Blob Shampo 1l Marrow,65,https://www.royalelchim.app/search?q=شركه+فرست+Blob+Shampo+1l+Marrow
شركه فرست Blob Shampo 1l Moroccan,60,https://www.royalelchim.app/search?q=شركه+فرست+Blob+Shampo+1l+Moroccan
شركه فرست BLOB VASELINE 50GM,12,https://www.royalelchim.app/search?q=شركه+فرست+BLOB+VASELINE+50GM
شركه فرست BLOB VASELINE 70GM,10,https://www.royalelchim.app/search?q=شركه+فرست+BLOB+VASELINE+70GM
شركه فرست BLOB VASELINE 125GM,15,https://www.royalelchim.app/search?q=شركه+فرست+BLOB+VASELINE+125GM
شركه فرست Blob Wax With Argan Oil 120 Ml,10,https://www.royalelchim.app/search?q=شركه+فرست+Blob+Wax+With+Argan+Oil+120+Ml
شركه فرست Blob Wax With Beeswax& Coconut 170ml,45,https://www.royalelchim.app/search?q=شركه+فرست+Blob+Wax+With+Beeswax&+Coconut+170ml
شركه فرست Blob Wax With Shea Butter 150 Ml,10,https://www.royalelchim.app/search?q=شركه+فرست+Blob+Wax+With+Shea+Butter+150+Ml
شركه فرست Blob Wax With Shea Butter 170 Ml,45,https://www.royalelchim.app/search?q=شركه+فرست+Blob+Wax+With+Shea+Butter+170+Ml
شركه فرست BLOB X-WAX COMMANDOS,40,https://www.royalelchim.app/search?q=شركه+فرست+BLOB+X-WAX+COMMANDOS
شركه فرست BLOB X-WAX GREEN FORCES,40,https://www.royalelchim.app/search?q=شركه+فرست+BLOB+X-WAX+GREEN+FORCES
شركه فرست BLOB X-WAX MARINES,40,https://www.royalelchim.app/search?q=شركه+فرست+BLOB+X-WAX+MARINES
شركه فرست BOB X-WAX EMPIRE,40,https://www.royalelchim.app/search?q=شركه+فرست+BOB+X-WAX+EMPIRE
شركه فرست Body Lotion 200 Ml Green,75,https://www.royalelchim.app/search?q=شركه+فرست+Body+Lotion+200+Ml+Green
شركه فرست Body Lotion 200 Ml Purple,75,https://www.royalelchim.app/search?q=شركه+فرست+Body+Lotion+200+Ml+Purple
شركه فرست Body Lotion 200 Ml rose Flower,75,https://www.royalelchim.app/search?q=شركه+فرست+Body+Lotion+200+Ml+rose+Flower
شركه فرست Body Lotion 200 Ml Flower Body way,75,https://www.royalelchim.app/search?q=شركه+فرست+Body+Lotion+200+Ml+Flower+Body+way
شركه فرست Body Splash Aqua Breez,120,https://www.royalelchim.app/search?q=شركه+فرست+Body+Splash+Aqua+Breez
شركه فرست Body Splash DECENT&LUXURY,120,https://www.royalelchim.app/search?q=شركه+فرست+Body+Splash+DECENT&LUXURY
شركه فرست Body Splash Flamingo,120,https://www.royalelchim.app/search?q=شركه+فرست+Body+Splash+Flamingo
شركه فرست Body Splash Flower Love,120,https://www.royalelchim.app/search?q=شركه+فرست+Body+Splash+Flower+Love
شركه فرست Body Splash Happiness Musk,120,https://www.royalelchim.app/search?q=شركه+فرست+Body+Splash+Happiness+Musk
شركه فرست Body Splash Mermaid,120,https://www.royalelchim.app/search?q=شركه+فرست+Body+Splash+Mermaid
شركه فرست Body Splash Sweet Candy,120,https://www.royalelchim.app/search?q=شركه+فرست+Body+Splash+Sweet+Candy
شركه فرست Compagnia,115,https://www.royalelchim.app/search?q=شركه+فرست+Compagnia
شركه فرست DEPY WAX NORMAL,25,https://www.royalelchim.app/search?q=شركه+فرست+DEPY+WAX+NORMAL
شركه فرست DEPY WAX SENSETIVE,25,https://www.royalelchim.app/search?q=شركه+فرست+DEPY+WAX+SENSETIVE
شركه فرست Even Rose Italy Spray Extra Hold,240,https://www.royalelchim.app/search?q=شركه+فرست+Even+Rose+Italy+Spray+Extra+Hold
شركه فرست Hair Anti-frizz Non Greasy Serum Argan 50 Ml,150,https://www.royalelchim.app/search?q=شركه+فرست+Hair+Anti-frizz+Non+Greasy+Serum+Argan+50+Ml
شركه فرست Hair Anti-frizz Non Greasy Serum Blob,90,https://www.royalelchim.app/search?q=شركه+فرست+Hair+Anti-frizz+Non+Greasy+Serum+Blob
شركه فرست Hair Anti-frizz Non Greasy Serum Blob 50ml,150,https://www.royalelchim.app/search?q=شركه+فرست+Hair+Anti-frizz+Non+Greasy+Serum+Blob+50ml
شركه فرست HAIR OXGEN CREAM 12% 1500 ML,55,https://www.royalelchim.app/search?q=شركه+فرست+HAIR+OXGEN+CREAM+12%+1500+ML
شركه فرست HAIR OXYGEN CREAM 12% 1000 ML,50,https://www.royalelchim.app/search?q=شركه+فرست+HAIR+OXYGEN+CREAM+12%+1000+ML
شركه فرست HAIR OXYGEN CREAM 6% 1000 ML,50,https://www.royalelchim.app/search?q=شركه+فرست+HAIR+OXYGEN+CREAM+6%+1000+ML
شركه فرست HAIR OXYGEN CREAM 6% 1500ML,45,https://www.royalelchim.app/search?q=شركه+فرست+HAIR+OXYGEN+CREAM+6%+1500ML
شركه فرست HAIR OXYGEN CREAM 9% 100 ML,7,https://www.royalelchim.app/search?q=شركه+فرست+HAIR+OXYGEN+CREAM+9%+100+ML
شركه فرست HAIR OXYGEN CREAM 9% 1000 ML,50,https://www.royalelchim.app/search?q=شركه+فرست+HAIR+OXYGEN+CREAM+9%+1000+ML
شركه فرست HAIR OXYGEN CREAM 9% 1500ml,45,https://www.royalelchim.app/search?q=شركه+فرست+HAIR+OXYGEN+CREAM+9%+1500ml
شركه فرست Hair Way فرد,55,https://www.royalelchim.app/search?q=شركه+فرست+Hair+Way+فرد
شركه فرست Hair Way Balsam Keratin,150,https://www.royalelchim.app/search?q=شركه+فرست+Hair+Way+Balsam+Keratin
شركه فرست Head Way Mask فحم,25,https://www.royalelchim.app/search?q=شركه+فرست+Head+Way+Mask+فحم
شركه فرست head way Peel Of Mask Antique Gold Colour,25,https://www.royalelchim.app/search?q=شركه+فرست+head+way+Peel+Of+Mask+Antique+Gold+Colour
شركه فرست Headway Scrub Cream خيار,10,https://www.royalelchim.app/search?q=شركه+فرست+Headway+Scrub+Cream+خيار
شركه فرست Headway Scrub Cream دهب,10,https://www.royalelchim.app/search?q=شركه+فرست+Headway+Scrub+Cream+دهب
شركه فرست Headway Scrub Cream نعناع,10,https://www.royalelchim.app/search?q=شركه+فرست+Headway+Scrub+Cream+نعناع
شركه فرست HEAT PROTECTOR,150,https://www.royalelchim.app/search?q=شركه+فرست+HEAT+PROTECTOR
شركه فرست IRON T&C ITALY,1500,https://www.royalelchim.app/search?q=شركه+فرست+IRON+T&C+ITALY
شركه فرست ITALY HAIR DRAYER,1700,https://www.royalelchim.app/search?q=شركه+فرست+ITALY+HAIR+DRAYER
شركه فرست Italy Wax Normal,75,https://www.royalelchim.app/search?q=شركه+فرست+Italy+Wax+Normal
شركه فرست Italy Wax Normal اصفر,30,https://www.royalelchim.app/search?q=شركه+فرست+Italy+Wax+Normal+اصفر
شركه فرست Italy Wax Sencetive,35,https://www.royalelchim.app/search?q=شركه+فرست+Italy+Wax+Sencetive
شركه فرست Italy Wax Sencetive روز,30,https://www.royalelchim.app/search?q=شركه+فرست+Italy+Wax+Sencetive+روز
شركه فرست Keratin Shampo 4 L Honey,150,https://www.royalelchim.app/search?q=شركه+فرست+Keratin+Shampo+4+L+Honey
شركه فرست Makhmaria Green,55,https://www.royalelchim.app/search?q=شركه+فرست+Makhmaria+Green
شركه فرست Makhmaria امورا,55,https://www.royalelchim.app/search?q=شركه+فرست+Makhmaria+امورا
شركه فرست Makhmaria امورا 50GM,32,https://www.royalelchim.app/search?q=شركه+فرست+Makhmaria+امورا+50GM
شركه فرست Makhmaria اوليفيا 50GM,32,https://www.royalelchim.app/search?q=شركه+فرست+Makhmaria+اوليفيا+50GM
شركه فرست Makhmaria اوليفيا اخضر,30,https://www.royalelchim.app/search?q=شركه+فرست+Makhmaria+اوليفيا+اخضر
شركه فرست Makhmaria بيلا 50GM,32,https://www.royalelchim.app/search?q=شركه+فرست+Makhmaria+بيلا+50GM
شركه فرست Makhmaria بيلا 100gm,55,https://www.royalelchim.app/search?q=شركه+فرست+Makhmaria+بيلا+100gm
شركه فرست Makhmaria دافينا,55,https://www.royalelchim.app/search?q=شركه+فرست+Makhmaria+دافينا
شركه فرست Makhmaria دافينا 50GM,20,https://www.royalelchim.app/search?q=شركه+فرست+Makhmaria+دافينا+50GM
شركه فرست Makhmaria دافينا ازرق,30,https://www.royalelchim.app/search?q=شركه+فرست+Makhmaria+دافينا+ازرق
شركه فرست Makhmaria صوفيا 50 جم,32,https://www.royalelchim.app/search?q=شركه+فرست+Makhmaria+صوفيا+50+جم
شركه فرست Makhmaria صوفيا 100 جم,55,https://www.royalelchim.app/search?q=شركه+فرست+Makhmaria+صوفيا+100+جم
شركه فرست Makhmaria كاميلا 50,27,https://www.royalelchim.app/search?q=شركه+فرست+Makhmaria+كاميلا+50
شركه فرست Makhmaria كاميلا 100,55,https://www.royalelchim.app/search?q=شركه+فرست+Makhmaria+كاميلا+100
شركه فرست Makhmaria لبني,55,https://www.royalelchim.app/search?q=شركه+فرست+Makhmaria+لبني
شركه فرست Makhmaria لي لي 50GM,27,https://www.royalelchim.app/search?q=شركه+فرست+Makhmaria+لي+لي+50GM
شركه فرست Makhmaria لي لي 100gm,55,https://www.royalelchim.app/search?q=شركه+فرست+Makhmaria+لي+لي+100gm
شركه فرست Makhmaria ميرسى 50GM,32,https://www.royalelchim.app/search?q=شركه+فرست+Makhmaria+ميرسى+50GM
شركه فرست Mammalia Moisturizing Cream,15,https://www.royalelchim.app/search?q=شركه+فرست+Mammalia+Moisturizing+Cream
شركه فرست Proffesinal Italy Line قصافه اظافر,90,https://www.royalelchim.app/search?q=شركه+فرست+Proffesinal+Italy+Line+قصافه+اظافر
شركه فرست Proffesinal Italy Line قصافه جلد ايطالي,90,https://www.royalelchim.app/search?q=شركه+فرست+Proffesinal+Italy+Line+قصافه+جلد+ايطالي
شركه فرست Proffesinal Italy Line مقص,135,https://www.royalelchim.app/search?q=شركه+فرست+Proffesinal+Italy+Line+مقص
شركه فرست Shmpo Keratin Blob Black,30,https://www.royalelchim.app/search?q=شركه+فرست+Shmpo+Keratin+Blob+Black
شركه فرست Shmpo Keratin Blob Blue,30,https://www.royalelchim.app/search?q=شركه+فرست+Shmpo+Keratin+Blob+Blue
شركه فرست Shmpo Keratin Blob Silver,30,https://www.royalelchim.app/search?q=شركه+فرست+Shmpo+Keratin+Blob+Silver
شركه فرست SHOWER GEL CANDY 1000 ML,30,https://www.royalelchim.app/search?q=شركه+فرست+SHOWER+GEL+CANDY+1000+ML
شركه فرست SHOWER GEL FRENCH FRAGRANCE 1000 ML,30,https://www.royalelchim.app/search?q=شركه+فرست+SHOWER+GEL+FRENCH+FRAGRANCE+1000+ML
شركه فرست Skin Cream Collagen 200ml,50,https://www.royalelchim.app/search?q=شركه+فرست+Skin+Cream+Collagen+200ml
شركه فرست Skin Cream Cucumber,16,https://www.royalelchim.app/search?q=شركه+فرست+Skin+Cream+Cucumber
شركه فرست Skin Cream Daily,50,https://www.royalelchim.app/search?q=شركه+فرست+Skin+Cream+Daily
شركه فرست Skin Cream Glesrine,16,https://www.royalelchim.app/search?q=شركه+فرست+Skin+Cream+Glesrine
شركه فرست Skin Cream Honey And Vit.e,16,https://www.royalelchim.app/search?q=شركه+فرست+Skin+Cream+Honey+And+Vit.e
شركه فرست Skin Cream Milk Protein,16,https://www.royalelchim.app/search?q=شركه+فرست+Skin+Cream+Milk+Protein
شركه فرست Skin Cream Saffron Flowers,50,https://www.royalelchim.app/search?q=شركه+فرست+Skin+Cream+Saffron+Flowers
شركه فرست Skin Cream Vit C,50,https://www.royalelchim.app/search?q=شركه+فرست+Skin+Cream+Vit+C
شركه فرست Skin Cream ضد الشيخوخه,50,https://www.royalelchim.app/search?q=شركه+فرست+Skin+Cream+ضد+الشيخوخه
شركه فرست SPECIAL TURBO 2200,1400,https://www.royalelchim.app/search?q=شركه+فرست+SPECIAL+TURBO+2200
شركه فرست SPIDER WAX,25,https://www.royalelchim.app/search?q=شركه+فرست+SPIDER+WAX
شركه فرست Tonic Lotion,25,https://www.royalelchim.app/search?q=شركه+فرست+Tonic+Lotion
شركه فرست Wax Way Oil,55,https://www.royalelchim.app/search?q=شركه+فرست+Wax+Way+Oil
شركه فرست اكسجين هيرواي سوبر 12%,20,https://www.royalelchim.app/search?q=شركه+فرست+اكسجين+هيرواي+سوبر+12%
شركه فرست اكسجين هيرواي سوبر 6%,20,https://www.royalelchim.app/search?q=شركه+فرست+اكسجين+هيرواي+سوبر+6%
شركه فرست بلوب حمام كريم Ginseng,90,https://www.royalelchim.app/search?q=شركه+فرست+بلوب+حمام+كريم+Ginseng
شركه فرست بلوب حمام كريم بزيت الارجان 1000 مللي,90,https://www.royalelchim.app/search?q=شركه+فرست+بلوب+حمام+كريم+بزيت+الارجان+1000+مللي
شركه فرست بلوب حمام كريم عسل وكولاجين 1000 مللي,90,https://www.royalelchim.app/search?q=شركه+فرست+بلوب+حمام+كريم+عسل+وكولاجين+1000+مللي
شركه فرست بلوب حمام كريم كيراتين,90,https://www.royalelchim.app/search?q=شركه+فرست+بلوب+حمام+كريم+كيراتين
شركه فرست بلوب حمام كريم نخاع وزبده الشيا,90,https://www.royalelchim.app/search?q=شركه+فرست+بلوب+حمام+كريم+نخاع+وزبده+الشيا
شركه فرست بلوب واكس 250ML,15,https://www.royalelchim.app/search?q=شركه+فرست+بلوب+واكس+250ML
شركه فرست بلوب واكس 350 Ml,25,https://www.royalelchim.app/search?q=شركه+فرست+بلوب+واكس+350+Ml
شركه فرست بودره بلوب جسم,30,https://www.royalelchim.app/search?q=شركه+فرست+بودره+بلوب+جسم
شركه فرست بودره تفتيح 150 جم احمر,75,https://www.royalelchim.app/search?q=شركه+فرست+بودره+تفتيح+150+جم+احمر
شركه فرست بودره تفتيح 150 جم اخضر,115,https://www.royalelchim.app/search?q=شركه+فرست+بودره+تفتيح+150+جم+اخضر
شركه فرست بودره تفتيح 200 جم BLOB,100,https://www.royalelchim.app/search?q=شركه+فرست+بودره+تفتيح+200+جم+BLOB
شركه فرست بودره تفتيح 40 جم + اكسجين,28,https://www.royalelchim.app/search?q=شركه+فرست+بودره+تفتيح+40+جم+++اكسجين
شركه فرست بودرة تفتيح DE-COLOR احمر نارى 150GM,75,https://www.royalelchim.app/search?q=شركه+فرست+بودرة+تفتيح+DE-COLOR+احمر+نارى+150GM
شركه فرست بودره تفنيح بلوب 450 جم,190,https://www.royalelchim.app/search?q=شركه+فرست+بودره+تفنيح+بلوب+450+جم
شركه فرست شاور بلوب عطور فرنسيه 1500مل,35,https://www.royalelchim.app/search?q=شركه+فرست+شاور+بلوب+عطور+فرنسيه+1500مل
شركه فرست صبغه Silky,110,https://www.royalelchim.app/search?q=شركه+فرست+صبغه+Silky
شركه فرست فرشه 163,150,https://www.royalelchim.app/search?q=شركه+فرست+فرشه+163
شركه فرست فرشه 177,170,https://www.royalelchim.app/search?q=شركه+فرست+فرشه+177
شركه فرست فرشه 179,165,https://www.royalelchim.app/search?q=شركه+فرست+فرشه+179
شركه فرست فرشه 201,200,https://www.royalelchim.app/search?q=شركه+فرست+فرشه+201
شركه فرست فرشه 211,170,https://www.royalelchim.app/search?q=شركه+فرست+فرشه+211
شركه فرست فرشه سشوار قلم ايطالي مقاسات,40,https://www.royalelchim.app/search?q=شركه+فرست+فرشه+سشوار+قلم+ايطالي+مقاسات
شركه فرست كريستال Italy Serum,185,https://www.royalelchim.app/search?q=شركه+فرست+كريستال+Italy+Serum
شركه فرست كريم بشره هيدواى بروتينات الحليب 200مل,15,https://www.royalelchim.app/search?q=شركه+فرست+كريم+بشره+هيدواى+بروتينات+الحليب+200مل
شركه فرست كريم بشره هيدواى كاموميل 200 ملل,20,https://www.royalelchim.app/search?q=شركه+فرست+كريم+بشره+هيدواى+كاموميل+200+ملل
شركه فرست كريم بشره هيدواى كولاجين 200 مل,20,https://www.royalelchim.app/search?q=شركه+فرست+كريم+بشره+هيدواى+كولاجين+200+مل
شركه فرست ماء ورد بلوب LOVLEY GREEN WATER,40,https://www.royalelchim.app/search?q=شركه+فرست+ماء+ورد+بلوب+LOVLEY+GREEN+WATER
شركه فرست ماء ورد بلوب ORGANIC PURE WATER,40,https://www.royalelchim.app/search?q=شركه+فرست+ماء+ورد+بلوب+ORGANIC+PURE+WATER
شركه فرست ماء ورد بلوب ROSE WATER,40,https://www.royalelchim.app/search?q=شركه+فرست+ماء+ورد+بلوب+ROSE+WATER
شركه فرست ماء ورد بلوب VIOLA MAGIC WATER,40,https://www.royalelchim.app/search?q=شركه+فرست+ماء+ورد+بلوب+VIOLA+MAGIC+WATER
شركه فرست مجموعه سامبو وبلسم بروتين,175,https://www.royalelchim.app/search?q=شركه+فرست+مجموعه+سامبو+وبلسم+بروتين
شركه فرست مزيل طلاء اظافر فل 60 ML,20,https://www.royalelchim.app/search?q=شركه+فرست+مزيل+طلاء+اظافر+فل+60+ML
شركه فرست مزيل طلاء اظافر فل 150 لة,25,https://www.royalelchim.app/search?q=شركه+فرست+مزيل+طلاء+اظافر+فل+150+لة
شركه فرست مزيل لطلاء الاظافر برائحة االفواكة اخضر,6٫5,https://www.royalelchim.app/search?q=شركه+فرست+مزيل+لطلاء+الاظافر+برائحة+االفواكة+اخضر
شركه فرست مزيل لطلاء الاظافر برائحة الياسمين اصفر,6٫5,https://www.royalelchim.app/search?q=شركه+فرست+مزيل+لطلاء+الاظافر+برائحة+الياسمين+اصفر
شركه فرست مناديل شمع,45,https://www.royalelchim.app/search?q=شركه+فرست+مناديل+شمع
شركه فرست ورق شمع ايطالي,50,https://www.royalelchim.app/search?q=شركه+فرست+ورق+شمع+ايطالي
شركه لونا BIGEN46,45,https://www.royalelchim.app/search?q=شركه+لونا+BIGEN46
شركه لونا BIGEN47,45,https://www.royalelchim.app/search?q=شركه+لونا+BIGEN47
شركه لونا BIGEN48,45,https://www.royalelchim.app/search?q=شركه+لونا+BIGEN48
شركه لونا BIGEN57,60,https://www.royalelchim.app/search?q=شركه+لونا+BIGEN57
شعر صناعي اكستنشن صناعي مستورد صيني,80,https://www.royalelchim.app/search?q=شعر+صناعي+اكستنشن+صناعي+مستورد+صيني
شعر صناعي الفرسان باروكه كيرلي وسط,375,https://www.royalelchim.app/search?q=شعر+صناعي+الفرسان+باروكه+كيرلي+وسط
شعر صناعي الفرسان توكه شعر ليس,130,https://www.royalelchim.app/search?q=شعر+صناعي+الفرسان+توكه+شعر+ليس
شعر صناعي الفرسان شاتوره طويل,100,https://www.royalelchim.app/search?q=شعر+صناعي+الفرسان+شاتوره+طويل
شعر صناعي الفرسان قوصه تغزير,150,https://www.royalelchim.app/search?q=شعر+صناعي+الفرسان+قوصه+تغزير
شعر صناعي الفرسان كاريه طويل,400,https://www.royalelchim.app/search?q=شعر+صناعي+الفرسان+كاريه+طويل
شعر صناعي الفرسان لونين متر ليس,500,https://www.royalelchim.app/search?q=شعر+صناعي+الفرسان+لونين+متر+ليس
شعر صناعي الفرسان ويفي طويل,450,https://www.royalelchim.app/search?q=شعر+صناعي+الفرسان+ويفي+طويل
شعر صناعي خصل شعر رستا,25,https://www.royalelchim.app/search?q=شعر+صناعي+خصل+شعر+رستا
شعر صناعي شاتوره رستا,150,https://www.royalelchim.app/search?q=شعر+صناعي+شاتوره+رستا
شعر صناعي شاتوره شعر طويل كلبس,175,https://www.royalelchim.app/search?q=شعر+صناعي+شاتوره+شعر+طويل+كلبس
شعر صناعي شاتوره شعر ويفي كلبس,175,https://www.royalelchim.app/search?q=شعر+صناعي+شاتوره+شعر+ويفي+كلبس
شعر صناعي شاتوره مشبك ص,180,https://www.royalelchim.app/search?q=شعر+صناعي+شاتوره+مشبك+ص
شعر صناعي شاتوره مشبك طويل,200,https://www.royalelchim.app/search?q=شعر+صناعي+شاتوره+مشبك+طويل
عدسات مستورده Dahab,75,https://www.royalelchim.app/search?q=عدسات+مستورده+Dahab
عدسات مستورده Dahab Lux,100,https://www.royalelchim.app/search?q=عدسات+مستورده+Dahab+Lux
عدسات مستورده Elegancee,130,https://www.royalelchim.app/search?q=عدسات+مستورده+Elegancee
عدسات مستورده Fresh Lady,130,https://www.royalelchim.app/search?q=عدسات+مستورده+Fresh+Lady
عدسات مستورده Fresh Look Lenses,95,https://www.royalelchim.app/search?q=عدسات+مستورده+Fresh+Look+Lenses
عدسات مستورده Fresh Look Comfort,15,https://www.royalelchim.app/search?q=عدسات+مستورده+Fresh+Look+Comfort
عدسات مستورده FRESH LOOK GREN,150,https://www.royalelchim.app/search?q=عدسات+مستورده+FRESH+LOOK+GREN
عدسات مستورده Novatella,100,https://www.royalelchim.app/search?q=عدسات+مستورده+Novatella
عدسات مستورده REBEL GREY,300,https://www.royalelchim.app/search?q=عدسات+مستورده+REBEL+GREY
عدسات مستورده See Color,85,https://www.royalelchim.app/search?q=عدسات+مستورده+See+Color
عدسات مستورده See Color Daily,50,https://www.royalelchim.app/search?q=عدسات+مستورده+See+Color+Daily
عدسات مستورده عدسات Flesta,55,https://www.royalelchim.app/search?q=عدسات+مستورده+عدسات+Flesta
عدسات مستورده محلول BRIGHT,35,https://www.royalelchim.app/search?q=عدسات+مستورده+محلول+BRIGHT
عدسات مستورده محلول Cliwell,40,https://www.royalelchim.app/search?q=عدسات+مستورده+محلول+Cliwell
عدسات مستورده محلول Comfort,35,https://www.royalelchim.app/search?q=عدسات+مستورده+محلول+Comfort
عدسات مستورده محلول Desio,200,https://www.royalelchim.app/search?q=عدسات+مستورده+محلول+Desio
عدسات مستورده محلول VISION 60 ML,30,https://www.royalelchim.app/search?q=عدسات+مستورده+محلول+VISION+60+ML
عدسات مستورده محلولVISION,30,https://www.royalelchim.app/search?q=عدسات+مستورده+محلولVISION
لوازم كوافير Alcoso BYEkal شفره باكستاني ميزان,45,https://www.royalelchim.app/search?q=لوازم+كوافير+Alcoso+BYEkal+شفره+باكستاني+ميزان
لوازم كوافير Alcoso Ekal Stainless Steel مقص بكستاني,90,https://www.royalelchim.app/search?q=لوازم+كوافير+Alcoso+Ekal+Stainless+Steel+مقص+بكستاني
لوازم كوافير Alcoso Ekal Stainless Steel مقص بكستاني 4,90,https://www.royalelchim.app/search?q=لوازم+كوافير+Alcoso+Ekal+Stainless+Steel+مقص+بكستاني+4
لوازم كوافير BARBER RAZOR SCISSOR STAINLESS STEEE 1020,260,https://www.royalelchim.app/search?q=لوازم+كوافير+BARBER+RAZOR+SCISSOR+STAINLESS+STEEE+1020
لوازم كوافير BARBER RAZOR SCISSOR STAINLESS STEEE 1043,260,https://www.royalelchim.app/search?q=لوازم+كوافير+BARBER+RAZOR+SCISSOR+STAINLESS+STEEE+1043
لوازم كوافير KR BLISSI NOZZLE2,50,https://www.royalelchim.app/search?q=لوازم+كوافير+KR+BLISSI+NOZZLE2
لوازم كوافير KR ISTAZ STRAIGHTENING CREAM,375,https://www.royalelchim.app/search?q=لوازم+كوافير+KR+ISTAZ+STRAIGHTENING+CREAM
لوازم كوافير LARGE LED MIRROR,200,https://www.royalelchim.app/search?q=لوازم+كوافير+LARGE+LED+MIRROR
لوازم كوافير MAGIC CAP,40,https://www.royalelchim.app/search?q=لوازم+كوافير+MAGIC+CAP
لوازم كوافير MAGNET THEETH SET 10 PCS,275,https://www.royalelchim.app/search?q=لوازم+كوافير+MAGNET+THEETH+SET+10+PCS
لوازم كوافير MY FOLD AWAY MIRROR,175,https://www.royalelchim.app/search?q=لوازم+كوافير+MY+FOLD+AWAY+MIRROR
لوازم كوافير Royal New /Sh,25,https://www.royalelchim.app/search?q=لوازم+كوافير+Royal+New+/Sh
لوازم كوافير Salon Accessories HAIR SCISSORS HOLDER جمجمه,300,https://www.royalelchim.app/search?q=لوازم+كوافير+Salon+Accessories+HAIR+SCISSORS+HOLDER+جمجمه
لوازم كوافير Salon Accessories صبانه جمجمه,200,https://www.royalelchim.app/search?q=لوازم+كوافير+Salon+Accessories+صبانه+جمجمه
لوازم كوافير Salon Accessories وش جمجه دهبي,500,https://www.royalelchim.app/search?q=لوازم+كوافير+Salon+Accessories+وش+جمجه+دهبي
لوازم كوافير Salon Accessories وش جمجه فضي,450,https://www.royalelchim.app/search?q=لوازم+كوافير+Salon+Accessories+وش+جمجه+فضي
لوازم كوافير SUPER STAR MAGNIFYING MIRROR,250,https://www.royalelchim.app/search?q=لوازم+كوافير+SUPER+STAR+MAGNIFYING+MIRROR
لوازم كوافير Tattoo Kiko يدوم اسيوع,40,https://www.royalelchim.app/search?q=لوازم+كوافير+Tattoo+Kiko+يدوم+اسيوع
لوازم كوافير TOPPIK DIFFUSER,150,https://www.royalelchim.app/search?q=لوازم+كوافير+TOPPIK+DIFFUSER
لوازم كوافير TURKY DRYER BRUSH 1123,60,https://www.royalelchim.app/search?q=لوازم+كوافير+TURKY+DRYER+BRUSH+1123
لوازم كوافير TURKY DRYER BRUSH 5star 08,50,https://www.royalelchim.app/search?q=لوازم+كوافير+TURKY+DRYER+BRUSH+5star+08
لوازم كوافير TURKY DRYER BRUSH 5star 00,55,https://www.royalelchim.app/search?q=لوازم+كوافير+TURKY+DRYER+BRUSH+5star+00
لوازم كوافير TWIST دبل,25,https://www.royalelchim.app/search?q=لوازم+كوافير+TWIST+دبل
لوازم كوافير اداه مساج شعر,20,https://www.royalelchim.app/search?q=لوازم+كوافير+اداه+مساج+شعر
لوازم كوافير اسبري الوان,90,https://www.royalelchim.app/search?q=لوازم+كوافير+اسبري+الوان
لوازم كوافير اسبري مثبت سوري,145,https://www.royalelchim.app/search?q=لوازم+كوافير+اسبري+مثبت+سوري
لوازم كوافير اسبري مثبت مارينا,100,https://www.royalelchim.app/search?q=لوازم+كوافير+اسبري+مثبت+مارينا
لوازم كوافير استيكه معدن,8,https://www.royalelchim.app/search?q=لوازم+كوافير+استيكه+معدن
لوازم كوافير بخاخه امريكي,100,https://www.royalelchim.app/search?q=لوازم+كوافير+بخاخه+امريكي
لوازم كوافير بخاخه بلاستيك H2O,20,https://www.royalelchim.app/search?q=لوازم+كوافير+بخاخه+بلاستيك+H2O
لوازم كوافير بخاخه جمجه بمب ايطالي,45,https://www.royalelchim.app/search?q=لوازم+كوافير+بخاخه+جمجه+بمب+ايطالي
لوازم كوافير بخاخه جمجه بمب صيني,35,https://www.royalelchim.app/search?q=لوازم+كوافير+بخاخه+جمجه+بمب+صيني
لوازم كوافير بخاخه ستانلس,35,https://www.royalelchim.app/search?q=لوازم+كوافير+بخاخه+ستانلس
لوازم كوافير بخاخه ويسكي مستورده,35,https://www.royalelchim.app/search?q=لوازم+كوافير+بخاخه+ويسكي+مستورده
لوازم كوافير بودره احمر BLONDSOFT,100,https://www.royalelchim.app/search?q=لوازم+كوافير+بودره+احمر+BLONDSOFT
لوازم كوافير بودره تلك كيس,10,https://www.royalelchim.app/search?q=لوازم+كوافير+بودره+تلك+كيس
لوازم كوافير بوز سشوار صيني,50,https://www.royalelchim.app/search?q=لوازم+كوافير+بوز+سشوار+صيني
لوازم كوافير بونيه ميش Lora,75,https://www.royalelchim.app/search?q=لوازم+كوافير+بونيه+ميش+Lora
لوازم كوافير هير اسبراي ابيض,65,https://www.royalelchim.app/search?q=لوازم+كوافير+هير+اسبراي+ابيض
لوازم كوافير هير اسبراي سيلفر,65,https://www.royalelchim.app/search?q=لوازم+كوافير+هير+اسبراي+سيلفر
لوازم كوافير ترولي عربيه باديكير,1350,https://www.royalelchim.app/search?q=لوازم+كوافير+ترولي+عربيه+باديكير
لوازم كوافير حامل مكن,30,https://www.royalelchim.app/search?q=لوازم+كوافير+حامل+مكن
لوازم كوافير رول رقبة فايف ستارز 5 قطع,80,https://www.royalelchim.app/search?q=لوازم+كوافير+رول+رقبة+فايف+ستارز+5+قطع
لوازم كوافير رول رقيه Turky,75,https://www.royalelchim.app/search?q=لوازم+كوافير+رول+رقيه+Turky
لوازم كوافير رول رقيه Vip,75,https://www.royalelchim.app/search?q=لوازم+كوافير+رول+رقيه+Vip
لوازم كوافير شبه كريستال,10,https://www.royalelchim.app/search?q=لوازم+كوافير+شبه+كريستال
لوازم كوافير شفرات جاهزه علي كارت,15,https://www.royalelchim.app/search?q=لوازم+كوافير+شفرات+جاهزه+علي+كارت
لوازم كوافير شفره King ماليزي,45,https://www.royalelchim.app/search?q=لوازم+كوافير+شفره+King+ماليزي
لوازم كوافير شفره استخدام مره Aman علبه ص,20,https://www.royalelchim.app/search?q=لوازم+كوافير+شفره+استخدام+مره+Aman+علبه+ص
لوازم كوافير شفره استخدام مره CODE,20,https://www.royalelchim.app/search?q=لوازم+كوافير+شفره+استخدام+مره+CODE
لوازم كوافير شفره استخدام مره EGY,4,https://www.royalelchim.app/search?q=لوازم+كوافير+شفره+استخدام+مره+EGY
لوازم كوافير شفره استخدام مره EGY علبه,18,https://www.royalelchim.app/search?q=لوازم+كوافير+شفره+استخدام+مره+EGY+علبه
لوازم كوافير شفره ايطالي,140,https://www.royalelchim.app/search?q=لوازم+كوافير+شفره+ايطالي
لوازم كوافير شفره باكستاني Pmi,45,https://www.royalelchim.app/search?q=لوازم+كوافير+شفره+باكستاني+Pmi
لوازم كوافير شفره تايجر Sh,45,https://www.royalelchim.app/search?q=لوازم+كوافير+شفره+تايجر+Sh
لوازم كوافير شفره حديد صيني,75,https://www.royalelchim.app/search?q=لوازم+كوافير+شفره+حديد+صيني
لوازم كوافير شفره خشب ثلاثي,65,https://www.royalelchim.app/search?q=لوازم+كوافير+شفره+خشب+ثلاثي
لوازم كوافير شفره علبه 7STAR,18,https://www.royalelchim.app/search?q=لوازم+كوافير+شفره+علبه+7STAR
لوازم كوافير شفره كلبس بلاستيك اسود 3ق,35,https://www.royalelchim.app/search?q=لوازم+كوافير+شفره+كلبس+بلاستيك+اسود+3ق
لوازم كوافير صبانه طبق,12,https://www.royalelchim.app/search?q=لوازم+كوافير+صبانه+طبق
لوازم كوافير صبغه ACTION,45,https://www.royalelchim.app/search?q=لوازم+كوافير+صبغه+ACTION
لوازم كوافير صبغه ايطالي BELLA 120 ML,65,https://www.royalelchim.app/search?q=لوازم+كوافير+صبغه+ايطالي+BELLA+120+ML
لوازم كوافير صبغه قرمزي,25,https://www.royalelchim.app/search?q=لوازم+كوافير+صبغه+قرمزي
لوازم كوافير صيني ابر تاتو 2سن 5 سرعه,20,https://www.royalelchim.app/search?q=لوازم+كوافير+صيني+ابر+تاتو+2سن+5+سرعه
لوازم كوافير طبق صبغه بلاستيك,10,https://www.royalelchim.app/search?q=لوازم+كوافير+طبق+صبغه+بلاستيك
لوازم كوافير طقم صبانه بلاستيك,30,https://www.royalelchim.app/search?q=لوازم+كوافير+طقم+صبانه+بلاستيك
لوازم كوافير طقم طبق صبغه + فرشه,35,https://www.royalelchim.app/search?q=لوازم+كوافير+طقم+طبق+صبغه+++فرشه
لوازم كوافير طقم مشط رجالي,35,https://www.royalelchim.app/search?q=لوازم+كوافير+طقم+مشط+رجالي
لوازم كوافير طقم مشط ماكينه Whal,50,https://www.royalelchim.app/search?q=لوازم+كوافير+طقم+مشط+ماكينه+Whal
لوازم كوافير طقم مشط ماكينه سوسته,25,https://www.royalelchim.app/search?q=لوازم+كوافير+طقم+مشط+ماكينه+سوسته
لوازم كوافير طقم مشط ماكينه كبس 5 STAR,45,https://www.royalelchim.app/search?q=لوازم+كوافير+طقم+مشط+ماكينه+كبس+5+STAR
لوازم كوافير علبه امواس نص LORD,50,https://www.royalelchim.app/search?q=لوازم+كوافير+علبه+امواس+نص+LORD
لوازم كوافير غيار مبرد كهرباء,30,https://www.royalelchim.app/search?q=لوازم+كوافير+غيار+مبرد+كهرباء
لوازم كوافير فرشه Jounieh علبه ازرق,25,https://www.royalelchim.app/search?q=لوازم+كوافير+فرشه+Jounieh+علبه+ازرق
لوازم كوافير فرشه Jounieh علبه عسلي,25,https://www.royalelchim.app/search?q=لوازم+كوافير+فرشه+Jounieh+علبه+عسلي
لوازم كوافير فرشه الفا علي كارت,40,https://www.royalelchim.app/search?q=لوازم+كوافير+فرشه+الفا+علي+كارت
لوازم كوافير فرشه الفا كيس,65,https://www.royalelchim.app/search?q=لوازم+كوافير+فرشه+الفا+كيس
لوازم كوافير فرشه تنفيض بداره,25,https://www.royalelchim.app/search?q=لوازم+كوافير+فرشه+تنفيض+بداره
لوازم كوافير فرشه تنفيض مستورده بداره دهبي,65,https://www.royalelchim.app/search?q=لوازم+كوافير+فرشه+تنفيض+مستورده+بداره+دهبي
لوازم كوافير فرشه تنفيض مستورده بداره فضي اسود,100,https://www.royalelchim.app/search?q=لوازم+كوافير+فرشه+تنفيض+مستورده+بداره+فضي+اسود
لوازم كوافير فرشه تنفيض مستورده بداره ميتاليك,35,https://www.royalelchim.app/search?q=لوازم+كوافير+فرشه+تنفيض+مستورده+بداره+ميتاليك
لوازم كوافير فرشه تنفيض مستورده خشب,125,https://www.royalelchim.app/search?q=لوازم+كوافير+فرشه+تنفيض+مستورده+خشب
لوازم كوافير فرشه تنفيض مستورده خشب شعر طبيعي,120,https://www.royalelchim.app/search?q=لوازم+كوافير+فرشه+تنفيض+مستورده+خشب+شعر+طبيعي
لوازم كوافير فرشه تنفيض مستورده فرشه زيرو,45,https://www.royalelchim.app/search?q=لوازم+كوافير+فرشه+تنفيض+مستورده+فرشه+زيرو
لوازم كوافير فرشه تنفيض مستورده لوكس اسود,85,https://www.royalelchim.app/search?q=لوازم+كوافير+فرشه+تنفيض+مستورده+لوكس+اسود
لوازم كوافير فرشه حلاقه ايطالي ك,125,https://www.royalelchim.app/search?q=لوازم+كوافير+فرشه+حلاقه+ايطالي+ك
لوازم كوافير فرشه حلاقه مصري,15,https://www.royalelchim.app/search?q=لوازم+كوافير+فرشه+حلاقه+مصري
لوازم كوافير فرشه حلاقه الكنج مصري,20,https://www.royalelchim.app/search?q=لوازم+كوافير+فرشه+حلاقه+الكنج+مصري
لوازم كوافير فرشه حلاقه مصري,20,https://www.royalelchim.app/search?q=لوازم+كوافير+فرشه+حلاقه+مصري
لوازم كوافير فرشه حلاقه مصري Paris,15,https://www.royalelchim.app/search?q=لوازم+كوافير+فرشه+حلاقه+مصري+Paris
لوازم كوافير فرشه حلاقه مصري فوكس,17٫5,https://www.royalelchim.app/search?q=لوازم+كوافير+فرشه+حلاقه+مصري+فوكس
لوازم كوافير فرشه زيرو حديده,45,https://www.royalelchim.app/search?q=لوازم+كوافير+فرشه+زيرو+حديده
لوازم كوافير فرشه زيرو حديده WAHL,55,https://www.royalelchim.app/search?q=لوازم+كوافير+فرشه+زيرو+حديده+WAHL
لوازم كوافير فرشه زيرو حديده توكه,70,https://www.royalelchim.app/search?q=لوازم+كوافير+فرشه+زيرو+حديده+توكه
لوازم كوافير فرشه سشوار تركي مقاسات,75,https://www.royalelchim.app/search?q=لوازم+كوافير+فرشه+سشوار+تركي+مقاسات
لوازم كوافير فرشه سشوار قلم خشب مقاس 1,14,https://www.royalelchim.app/search?q=لوازم+كوافير+فرشه+سشوار+قلم+خشب+مقاس+1
لوازم كوافير فرشه سشوار قلم خشب مقاس 2,15,https://www.royalelchim.app/search?q=لوازم+كوافير+فرشه+سشوار+قلم+خشب+مقاس+2
لوازم كوافير فرشه سشوار قلم خشب مقاس 3,16,https://www.royalelchim.app/search?q=لوازم+كوافير+فرشه+سشوار+قلم+خشب+مقاس+3
لوازم كوافير فرشه سشوار قلم يد بلاستيك مقاس 1,17,https://www.royalelchim.app/search?q=لوازم+كوافير+فرشه+سشوار+قلم+يد+بلاستيك+مقاس+1
لوازم كوافير فرشه سشوار قلم يد بلاستيك مقاس 2,18,https://www.royalelchim.app/search?q=لوازم+كوافير+فرشه+سشوار+قلم+يد+بلاستيك+مقاس+2
لوازم كوافير فرشه سشوار قلم يد بلاستيك مقاس 3,19,https://www.royalelchim.app/search?q=لوازم+كوافير+فرشه+سشوار+قلم+يد+بلاستيك+مقاس+3
لوازم كوافير فرشه سشوار قلم يد بلاستيك مقاس 4,20,https://www.royalelchim.app/search?q=لوازم+كوافير+فرشه+سشوار+قلم+يد+بلاستيك+مقاس+4
لوازم كوافير فرشه سيراميك حمرا,130,https://www.royalelchim.app/search?q=لوازم+كوافير+فرشه+سيراميك+حمرا
لوازم كوافير فرشه سيراميك حمرا كبيره,85,https://www.royalelchim.app/search?q=لوازم+كوافير+فرشه+سيراميك+حمرا+كبيره
لوازم كوافير فرشه سيراميك حمرا وسط,75,https://www.royalelchim.app/search?q=لوازم+كوافير+فرشه+سيراميك+حمرا+وسط
لوازم كوافير فرشه صبغه اسود,8,https://www.royalelchim.app/search?q=لوازم+كوافير+فرشه+صبغه+اسود
لوازم كوافير فرشه صبغه الوان,8,https://www.royalelchim.app/search?q=لوازم+كوافير+فرشه+صبغه+الوان
لوازم كوافير فرشه كربياج حراري,55,https://www.royalelchim.app/search?q=لوازم+كوافير+فرشه+كربياج+حراري
لوازم كوافير فوطه بشكير مره واحده,4٫5,https://www.royalelchim.app/search?q=لوازم+كوافير+فوطه+بشكير+مره+واحده
لوازم كوافير فوطه صبغه علبه GTS,50,https://www.royalelchim.app/search?q=لوازم+كوافير+فوطه+صبغه+علبه+GTS
لوازم كوافير فوطه صبغه كيس GTS,60,https://www.royalelchim.app/search?q=لوازم+كوافير+فوطه+صبغه+كيس+GTS
لوازم كوافير فوطه قص Wella,30,https://www.royalelchim.app/search?q=لوازم+كوافير+فوطه+قص+Wella
لوازم كوافير فوطه قص اطفال مستورد,60,https://www.royalelchim.app/search?q=لوازم+كوافير+فوطه+قص+اطفال+مستورد
لوازم كوافير فوطه قص اطفال مصري,20,https://www.royalelchim.app/search?q=لوازم+كوافير+فوطه+قص+اطفال+مصري
لوازم كوافير فوطه قص اقتصاي VETA,55,https://www.royalelchim.app/search?q=لوازم+كوافير+فوطه+قص+اقتصاي+VETA
لوازم كوافير فوطه قص عادي مره واحده,5,https://www.royalelchim.app/search?q=لوازم+كوافير+فوطه+قص+عادي+مره+واحده
لوازم كوافير فوطه قص عادي مره واحده فيبر,5,https://www.royalelchim.app/search?q=لوازم+كوافير+فوطه+قص+عادي+مره+واحده+فيبر
لوازم كوافير فوطه قص مشط ومقص,45,https://www.royalelchim.app/search?q=لوازم+كوافير+فوطه+قص+مشط+ومقص
لوازم كوافير فوطه لوكس كبير,80,https://www.royalelchim.app/search?q=لوازم+كوافير+فوطه+لوكس+كبير
لوازم كوافير كلبس حديد,30,https://www.royalelchim.app/search?q=لوازم+كوافير+كلبس+حديد
لوازم كوافير مرايا \ 6,35,https://www.royalelchim.app/search?q=لوازم+كوافير+مرايا+\+6
لوازم كوافير مريله جلد,175,https://www.royalelchim.app/search?q=لوازم+كوافير+مريله+جلد
لوازم كوافير مشط حديد موزر ابيض,140,https://www.royalelchim.app/search?q=لوازم+كوافير+مشط+حديد+موزر+ابيض
لوازم كوافير مقص SS 6.5 INCH,150,https://www.royalelchim.app/search?q=لوازم+كوافير+مقص+SS+6.5+INCH
لوازم كوافير مقص Tiger بلاستيك باكستان,85,https://www.royalelchim.app/search?q=لوازم+كوافير+مقص+Tiger+بلاستيك+باكستان
لوازم كوافير مقص Tiger كاوتش باكستان,65,https://www.royalelchim.app/search?q=لوازم+كوافير+مقص+Tiger+كاوتش+باكستان
لوازم كوافير مقص جوكر جراب,110,https://www.royalelchim.app/search?q=لوازم+كوافير+مقص+جوكر+جراب
لوازم كوافير ورق شمع 5 STAR,25,https://www.royalelchim.app/search?q=لوازم+كوافير+ورق+شمع+5+STAR
لوازم ميكب ارتيست ECLIRIC LIQUID,600,https://www.royalelchim.app/search?q=لوازم+ميكب+ارتيست+ECLIRIC+LIQUID
لوازم ميكب ارتيست ECLIRIC POWDER,1000,https://www.royalelchim.app/search?q=لوازم+ميكب+ارتيست+ECLIRIC+POWDER
لوازم ميكب ارتيست HAIR BONDING GLUE LANELL,120,https://www.royalelchim.app/search?q=لوازم+ميكب+ارتيست+HAIR+BONDING+GLUE+LANELL
لوازم ميكب ارتيست HARD GEL,450,https://www.royalelchim.app/search?q=لوازم+ميكب+ارتيست+HARD+GEL
لوازم ميكب ارتيست LILLY ANGEL CUT OVER,170,https://www.royalelchim.app/search?q=لوازم+ميكب+ارتيست+LILLY+ANGEL+CUT+OVER
لوازم ميكب ارتيست LILY ANGEL GEL POLISH,200,https://www.royalelchim.app/search?q=لوازم+ميكب+ارتيست+LILY+ANGEL+GEL+POLISH
لوازم ميكب ارتيست LILY ANGEL PRIMER,185,https://www.royalelchim.app/search?q=لوازم+ميكب+ارتيست+LILY+ANGEL+PRIMER
لوازم ميكب ارتيست LILY ANGEL REMOVER,185,https://www.royalelchim.app/search?q=لوازم+ميكب+ارتيست+LILY+ANGEL+REMOVER
لوازم ميكب ارتيست POLY GEL TUBE,200,https://www.royalelchim.app/search?q=لوازم+ميكب+ارتيست+POLY+GEL+TUBE
لوازم ميكب ارتيست شنطه ترولي زيتي مستورد,4750,https://www.royalelchim.app/search?q=لوازم+ميكب+ارتيست+شنطه+ترولي+زيتي+مستورد
لوازم ميكب ارتيست كتاب رموش Only Beauty,230,https://www.royalelchim.app/search?q=لوازم+ميكب+ارتيست+كتاب+رموش+Only+Beauty
مستورد BLESS LEAVE IN CONDITIONER 250ML,65,https://www.royalelchim.app/search?q=مستورد+BLESS+LEAVE+IN+CONDITIONER+250ML
مستورد COSMO DESIGN J HELEON 150 ML,35,https://www.royalelchim.app/search?q=مستورد+COSMO+DESIGN+J+HELEON+150+ML
مستورد COSMO DESIGN SCUBA 150 ML,35,https://www.royalelchim.app/search?q=مستورد+COSMO+DESIGN+SCUBA+150+ML
مستورد COSMO DESIGN TRUE SENSUAL 150 ML,35,https://www.royalelchim.app/search?q=مستورد+COSMO+DESIGN+TRUE+SENSUAL+150+ML
مستورد DEVI HAIR MASK,85,https://www.royalelchim.app/search?q=مستورد+DEVI+HAIR+MASK
مستورد Energy Spry Strong Hold 400 Ml,185,https://www.royalelchim.app/search?q=مستورد+Energy+Spry+Strong+Hold+400+Ml
مستورد ENLIVEN HAIR SPRAY ML 300,210,https://www.royalelchim.app/search?q=مستورد+ENLIVEN+HAIR+SPRAY+ML+300
مستورد Filler Hair,50,https://www.royalelchim.app/search?q=مستورد+Filler+Hair
مستورد FOOT MASK,70,https://www.royalelchim.app/search?q=مستورد+FOOT+MASK
مستورد FOOT MASK ORGAN OIL,75,https://www.royalelchim.app/search?q=مستورد+FOOT+MASK+ORGAN+OIL
مستورد GARNIER SHEET MASK للهالات السودة,50,https://www.royalelchim.app/search?q=مستورد+GARNIER+SHEET+MASK+للهالات+السودة
مستورد GP SPRAY DARLING 150 ML,35,https://www.royalelchim.app/search?q=مستورد+GP+SPRAY+DARLING+150+ML
مستورد GP SPRAY PINKY 150 ML,35,https://www.royalelchim.app/search?q=مستورد+GP+SPRAY+PINKY+150+ML
مستورد GP SPRAY SECRET 150 ML,35,https://www.royalelchim.app/search?q=مستورد+GP+SPRAY+SECRET+150+ML
مستورد GP SPRAY SEXY 150,35,https://www.royalelchim.app/search?q=مستورد+GP+SPRAY+SEXY+150
مستورد GP SPRAY SHINY 150 ML,35,https://www.royalelchim.app/search?q=مستورد+GP+SPRAY+SHINY+150+ML
مستورد GP SPRAY STYLE 150 ML,35,https://www.royalelchim.app/search?q=مستورد+GP+SPRAY+STYLE+150+ML
مستورد Honey Eye Mask,160,https://www.royalelchim.app/search?q=مستورد+Honey+Eye+Mask
مستورد ITALY BLACK HAIR SPRAY ML750,200,https://www.royalelchim.app/search?q=مستورد+ITALY+BLACK+HAIR+SPRAY+ML750
مستورد LOVA HAIR MASK,80,https://www.royalelchim.app/search?q=مستورد+LOVA+HAIR+MASK
مستورد MAVI SERUM,150,https://www.royalelchim.app/search?q=مستورد+MAVI+SERUM
مستورد OLIVE OIL 275 ML,90,https://www.royalelchim.app/search?q=مستورد+OLIVE+OIL+275+ML
مستورد On Line Shower,100,https://www.royalelchim.app/search?q=مستورد+On+Line+Shower
مستورد ROUGE SPRAY AZUR,55,https://www.royalelchim.app/search?q=مستورد+ROUGE+SPRAY+AZUR
مستورد ROUGE SPRAY COLORE,55,https://www.royalelchim.app/search?q=مستورد+ROUGE+SPRAY+COLORE
مستورد ROUGE SPRAY COOL GIRL,55,https://www.royalelchim.app/search?q=مستورد+ROUGE+SPRAY+COOL+GIRL
مستورد ROUGE SPRAY HORAL,55,https://www.royalelchim.app/search?q=مستورد+ROUGE+SPRAY+HORAL
مستورد ROUGE SPRAY INDEIGO,55,https://www.royalelchim.app/search?q=مستورد+ROUGE+SPRAY+INDEIGO
مستورد ROUGE SPRAY KISS ME,55,https://www.royalelchim.app/search?q=مستورد+ROUGE+SPRAY+KISS+ME
مستورد ROUGE SPRAY MY STYLE,55,https://www.royalelchim.app/search?q=مستورد+ROUGE+SPRAY+MY+STYLE
مستورد ROUGE SPRAY PAPILLON,55,https://www.royalelchim.app/search?q=مستورد+ROUGE+SPRAY+PAPILLON
مستورد ROUGE SPRAY POURPRE,55,https://www.royalelchim.app/search?q=مستورد+ROUGE+SPRAY+POURPRE
مستورد ROUGE SPRAY RED LIPS,55,https://www.royalelchim.app/search?q=مستورد+ROUGE+SPRAY+RED+LIPS
مستورد ROUGE SPRAY REMANTIGUE,55,https://www.royalelchim.app/search?q=مستورد+ROUGE+SPRAY+REMANTIGUE
مستورد ROUGE SPRAY SAUMAN,55,https://www.royalelchim.app/search?q=مستورد+ROUGE+SPRAY+SAUMAN
مستورد ROUGE SPRAY VALENTINE,55,https://www.royalelchim.app/search?q=مستورد+ROUGE+SPRAY+VALENTINE
مستورد Serum Bio Argan,210,https://www.royalelchim.app/search?q=مستورد+Serum+Bio+Argan
مستورد Serum Bio Olive Oil,210,https://www.royalelchim.app/search?q=مستورد+Serum+Bio+Olive+Oil
مستورد Serum Bio Protein,210,https://www.royalelchim.app/search?q=مستورد+Serum+Bio+Protein
مستورد Serum Energy Argan,350,https://www.royalelchim.app/search?q=مستورد+Serum+Energy+Argan
مستورد Serum Energy Collagen,210,https://www.royalelchim.app/search?q=مستورد+Serum+Energy+Collagen
مستورد Serum Energy Cristal,210,https://www.royalelchim.app/search?q=مستورد+Serum+Energy+Cristal
مستورد Serum GK 100ml,110,https://www.royalelchim.app/search?q=مستورد+Serum+GK+100ml
مستورد Shiny Star Collagen,240,https://www.royalelchim.app/search?q=مستورد+Shiny+Star+Collagen
مستورد Shiny Star Keratin,240,https://www.royalelchim.app/search?q=مستورد+Shiny+Star+Keratin
مستورد SHINYSTAR SERUM ARGAN,240,https://www.royalelchim.app/search?q=مستورد+SHINYSTAR+SERUM+ARGAN
مستورد SHINYSTAR SERUM JOJOBA,240,https://www.royalelchim.app/search?q=مستورد+SHINYSTAR+SERUM+JOJOBA
مستورد SHINYSTAR SERUM SHEA BUTTER,240,https://www.royalelchim.app/search?q=مستورد+SHINYSTAR+SERUM+SHEA+BUTTER
مستورد TRICHUP HAIR MASK,80,https://www.royalelchim.app/search?q=مستورد+TRICHUP+HAIR+MASK
مستورد ايطالي اسبري 500 RB STYLE,110,https://www.royalelchim.app/search?q=مستورد+ايطالي+اسبري+500+RB+STYLE
مستورد ايطالي فرد+مثبت BHEYSE 500 ML,350,https://www.royalelchim.app/search?q=مستورد+ايطالي+فرد+مثبت+BHEYSE+500+ML
مستورد كريم تبيض و ازلة القشور DOVE,45,https://www.royalelchim.app/search?q=مستورد+كريم+تبيض+و+ازلة+القشور+DOVE
مناديل فامليا 500م,35,https://www.royalelchim.app/search?q=مناديل+فامليا+500م
هلا كليوبا معجون اسنان بالمسواك,55,https://www.royalelchim.app/search?q=هلا+كليوبا+معجون+اسنان+بالمسواك
ورقيات عرض سوفي,60,https://www.royalelchim.app/search?q=ورقيات+عرض+سوفي
إجمالي,5700313٫5,https://www.royalelchim.app/search?q=إجمالي
